CODAUTO,CPRO,CMUN,DC,NOMBRE ,COD_INE,url,destino
01,04,001,0,Abla,04001,http://www.aemet.es/xml/municipios/localidad_04001.xml,XML/id_04001.xml
01,04,002,5,Abrucena,04002,http://www.aemet.es/xml/municipios/localidad_04002.xml,XML/id_04002.xml
01,04,003,1,Adra,04003,http://www.aemet.es/xml/municipios/localidad_04003.xml,XML/id_04003.xml
01,04,004,6,Albanchez,04004,http://www.aemet.es/xml/municipios/localidad_04004.xml,XML/id_04004.xml
01,04,005,9,Alboloduy,04005,http://www.aemet.es/xml/municipios/localidad_04005.xml,XML/id_04005.xml
01,04,006,2,Albox,04006,http://www.aemet.es/xml/municipios/localidad_04006.xml,XML/id_04006.xml
01,04,007,8,Alcolea,04007,http://www.aemet.es/xml/municipios/localidad_04007.xml,XML/id_04007.xml
01,04,008,4,Alcóntar,04008,http://www.aemet.es/xml/municipios/localidad_04008.xml,XML/id_04008.xml
01,04,009,7,Alcudia de Monteagud,04009,http://www.aemet.es/xml/municipios/localidad_04009.xml,XML/id_04009.xml
01,04,010,1,Alhabia,04010,http://www.aemet.es/xml/municipios/localidad_04010.xml,XML/id_04010.xml
01,04,011,8,Alhama de Almería,04011,http://www.aemet.es/xml/municipios/localidad_04011.xml,XML/id_04011.xml
01,04,012,3,Alicún,04012,http://www.aemet.es/xml/municipios/localidad_04012.xml,XML/id_04012.xml
01,04,013,9,Almería,04013,http://www.aemet.es/xml/municipios/localidad_04013.xml,XML/id_04013.xml
01,04,014,4,Almócita,04014,http://www.aemet.es/xml/municipios/localidad_04014.xml,XML/id_04014.xml
01,04,015,7,Alsodux,04015,http://www.aemet.es/xml/municipios/localidad_04015.xml,XML/id_04015.xml
01,04,016,0,Antas,04016,http://www.aemet.es/xml/municipios/localidad_04016.xml,XML/id_04016.xml
01,04,017,6,Arboleas,04017,http://www.aemet.es/xml/municipios/localidad_04017.xml,XML/id_04017.xml
01,04,018,2,Armuña de Almanzora,04018,http://www.aemet.es/xml/municipios/localidad_04018.xml,XML/id_04018.xml
01,04,019,5,Bacares,04019,http://www.aemet.es/xml/municipios/localidad_04019.xml,XML/id_04019.xml
01,04,904,7,Balanegra,04904,http://www.aemet.es/xml/municipios/localidad_04904.xml,XML/id_04904.xml
01,04,020,9,Bayárcal,04020,http://www.aemet.es/xml/municipios/localidad_04020.xml,XML/id_04020.xml
01,04,021,6,Bayarque,04021,http://www.aemet.es/xml/municipios/localidad_04021.xml,XML/id_04021.xml
01,04,022,1,Bédar,04022,http://www.aemet.es/xml/municipios/localidad_04022.xml,XML/id_04022.xml
01,04,023,7,Beires,04023,http://www.aemet.es/xml/municipios/localidad_04023.xml,XML/id_04023.xml
01,04,024,2,Benahadux,04024,http://www.aemet.es/xml/municipios/localidad_04024.xml,XML/id_04024.xml
01,04,026,8,Benitagla,04026,http://www.aemet.es/xml/municipios/localidad_04026.xml,XML/id_04026.xml
01,04,027,4,Benizalón,04027,http://www.aemet.es/xml/municipios/localidad_04027.xml,XML/id_04027.xml
01,04,028,0,Bentarique,04028,http://www.aemet.es/xml/municipios/localidad_04028.xml,XML/id_04028.xml
01,04,029,3,Berja,04029,http://www.aemet.es/xml/municipios/localidad_04029.xml,XML/id_04029.xml
01,04,030,7,Canjáyar,04030,http://www.aemet.es/xml/municipios/localidad_04030.xml,XML/id_04030.xml
01,04,031,4,Cantoria,04031,http://www.aemet.es/xml/municipios/localidad_04031.xml,XML/id_04031.xml
01,04,032,9,Carboneras,04032,http://www.aemet.es/xml/municipios/localidad_04032.xml,XML/id_04032.xml
01,04,033,5,Castro de Filabres,04033,http://www.aemet.es/xml/municipios/localidad_04033.xml,XML/id_04033.xml
01,04,036,6,Chercos,04036,http://www.aemet.es/xml/municipios/localidad_04036.xml,XML/id_04036.xml
01,04,037,2,Chirivel,04037,http://www.aemet.es/xml/municipios/localidad_04037.xml,XML/id_04037.xml
01,04,034,0,Cóbdar,04034,http://www.aemet.es/xml/municipios/localidad_04034.xml,XML/id_04034.xml
01,04,035,3,Cuevas del Almanzora,04035,http://www.aemet.es/xml/municipios/localidad_04035.xml,XML/id_04035.xml
01,04,038,8,Dalías,04038,http://www.aemet.es/xml/municipios/localidad_04038.xml,XML/id_04038.xml
01,04,902,6,"Ejido, El",04902,http://www.aemet.es/xml/municipios/localidad_04902.xml,XML/id_04902.xml
01,04,041,2,Enix,04041,http://www.aemet.es/xml/municipios/localidad_04041.xml,XML/id_04041.xml
01,04,043,3,Felix,04043,http://www.aemet.es/xml/municipios/localidad_04043.xml,XML/id_04043.xml
01,04,044,8,Fines,04044,http://www.aemet.es/xml/municipios/localidad_04044.xml,XML/id_04044.xml
01,04,045,1,Fiñana,04045,http://www.aemet.es/xml/municipios/localidad_04045.xml,XML/id_04045.xml
01,04,046,4,Fondón,04046,http://www.aemet.es/xml/municipios/localidad_04046.xml,XML/id_04046.xml
01,04,047,0,Gádor,04047,http://www.aemet.es/xml/municipios/localidad_04047.xml,XML/id_04047.xml
01,04,048,6,"Gallardos, Los",04048,http://www.aemet.es/xml/municipios/localidad_04048.xml,XML/id_04048.xml
01,04,049,9,Garrucha,04049,http://www.aemet.es/xml/municipios/localidad_04049.xml,XML/id_04049.xml
01,04,050,2,Gérgal,04050,http://www.aemet.es/xml/municipios/localidad_04050.xml,XML/id_04050.xml
01,04,051,9,Huécija,04051,http://www.aemet.es/xml/municipios/localidad_04051.xml,XML/id_04051.xml
01,04,052,4,Huércal de Almería,04052,http://www.aemet.es/xml/municipios/localidad_04052.xml,XML/id_04052.xml
01,04,053,0,Huércal-Overa,04053,http://www.aemet.es/xml/municipios/localidad_04053.xml,XML/id_04053.xml
01,04,054,5,Íllar,04054,http://www.aemet.es/xml/municipios/localidad_04054.xml,XML/id_04054.xml
01,04,055,8,Instinción,04055,http://www.aemet.es/xml/municipios/localidad_04055.xml,XML/id_04055.xml
01,04,056,1,Laroya,04056,http://www.aemet.es/xml/municipios/localidad_04056.xml,XML/id_04056.xml
01,04,057,7,Láujar de Andarax,04057,http://www.aemet.es/xml/municipios/localidad_04057.xml,XML/id_04057.xml
01,04,058,3,Líjar,04058,http://www.aemet.es/xml/municipios/localidad_04058.xml,XML/id_04058.xml
01,04,059,6,Lubrín,04059,http://www.aemet.es/xml/municipios/localidad_04059.xml,XML/id_04059.xml
01,04,060,0,Lucainena de las Torres,04060,http://www.aemet.es/xml/municipios/localidad_04060.xml,XML/id_04060.xml
01,04,061,7,Lúcar,04061,http://www.aemet.es/xml/municipios/localidad_04061.xml,XML/id_04061.xml
01,04,062,2,Macael,04062,http://www.aemet.es/xml/municipios/localidad_04062.xml,XML/id_04062.xml
01,04,063,8,María,04063,http://www.aemet.es/xml/municipios/localidad_04063.xml,XML/id_04063.xml
01,04,064,3,Mojácar,04064,http://www.aemet.es/xml/municipios/localidad_04064.xml,XML/id_04064.xml
01,04,903,2,"Mojonera, La",04903,http://www.aemet.es/xml/municipios/localidad_04903.xml,XML/id_04903.xml
01,04,065,6,Nacimiento,04065,http://www.aemet.es/xml/municipios/localidad_04065.xml,XML/id_04065.xml
01,04,066,9,Níjar,04066,http://www.aemet.es/xml/municipios/localidad_04066.xml,XML/id_04066.xml
01,04,067,5,Ohanes,04067,http://www.aemet.es/xml/municipios/localidad_04067.xml,XML/id_04067.xml
01,04,068,1,Olula de Castro,04068,http://www.aemet.es/xml/municipios/localidad_04068.xml,XML/id_04068.xml
01,04,069,4,Olula del Río,04069,http://www.aemet.es/xml/municipios/localidad_04069.xml,XML/id_04069.xml
01,04,070,8,Oria,04070,http://www.aemet.es/xml/municipios/localidad_04070.xml,XML/id_04070.xml
01,04,071,5,Padules,04071,http://www.aemet.es/xml/municipios/localidad_04071.xml,XML/id_04071.xml
01,04,072,0,Partaloa,04072,http://www.aemet.es/xml/municipios/localidad_04072.xml,XML/id_04072.xml
01,04,073,6,Paterna del Río,04073,http://www.aemet.es/xml/municipios/localidad_04073.xml,XML/id_04073.xml
01,04,074,1,Pechina,04074,http://www.aemet.es/xml/municipios/localidad_04074.xml,XML/id_04074.xml
01,04,075,4,Pulpí,04075,http://www.aemet.es/xml/municipios/localidad_04075.xml,XML/id_04075.xml
01,04,076,7,Purchena,04076,http://www.aemet.es/xml/municipios/localidad_04076.xml,XML/id_04076.xml
01,04,077,3,Rágol,04077,http://www.aemet.es/xml/municipios/localidad_04077.xml,XML/id_04077.xml
01,04,078,9,Rioja,04078,http://www.aemet.es/xml/municipios/localidad_04078.xml,XML/id_04078.xml
01,04,079,2,Roquetas de Mar,04079,http://www.aemet.es/xml/municipios/localidad_04079.xml,XML/id_04079.xml
01,04,080,6,Santa Cruz de Marchena,04080,http://www.aemet.es/xml/municipios/localidad_04080.xml,XML/id_04080.xml
01,04,081,3,Santa Fe de Mondújar,04081,http://www.aemet.es/xml/municipios/localidad_04081.xml,XML/id_04081.xml
01,04,082,8,Senés,04082,http://www.aemet.es/xml/municipios/localidad_04082.xml,XML/id_04082.xml
01,04,083,4,Serón,04083,http://www.aemet.es/xml/municipios/localidad_04083.xml,XML/id_04083.xml
01,04,084,9,Sierro,04084,http://www.aemet.es/xml/municipios/localidad_04084.xml,XML/id_04084.xml
01,04,085,2,Somontín,04085,http://www.aemet.es/xml/municipios/localidad_04085.xml,XML/id_04085.xml
01,04,086,5,Sorbas,04086,http://www.aemet.es/xml/municipios/localidad_04086.xml,XML/id_04086.xml
01,04,087,1,Suflí,04087,http://www.aemet.es/xml/municipios/localidad_04087.xml,XML/id_04087.xml
01,04,088,7,Tabernas,04088,http://www.aemet.es/xml/municipios/localidad_04088.xml,XML/id_04088.xml
01,04,089,0,Taberno,04089,http://www.aemet.es/xml/municipios/localidad_04089.xml,XML/id_04089.xml
01,04,090,4,Tahal,04090,http://www.aemet.es/xml/municipios/localidad_04090.xml,XML/id_04090.xml
01,04,091,1,Terque,04091,http://www.aemet.es/xml/municipios/localidad_04091.xml,XML/id_04091.xml
01,04,092,6,Tíjola,04092,http://www.aemet.es/xml/municipios/localidad_04092.xml,XML/id_04092.xml
01,04,901,1,"Tres Villas, Las",04901,http://www.aemet.es/xml/municipios/localidad_04901.xml,XML/id_04901.xml
01,04,093,2,Turre,04093,http://www.aemet.es/xml/municipios/localidad_04093.xml,XML/id_04093.xml
01,04,094,7,Turrillas,04094,http://www.aemet.es/xml/municipios/localidad_04094.xml,XML/id_04094.xml
01,04,095,0,Uleila del Campo,04095,http://www.aemet.es/xml/municipios/localidad_04095.xml,XML/id_04095.xml
01,04,096,3,Urrácal,04096,http://www.aemet.es/xml/municipios/localidad_04096.xml,XML/id_04096.xml
01,04,097,9,Velefique,04097,http://www.aemet.es/xml/municipios/localidad_04097.xml,XML/id_04097.xml
01,04,098,5,Vélez-Blanco,04098,http://www.aemet.es/xml/municipios/localidad_04098.xml,XML/id_04098.xml
01,04,099,8,Vélez-Rubio,04099,http://www.aemet.es/xml/municipios/localidad_04099.xml,XML/id_04099.xml
01,04,100,2,Vera,04100,http://www.aemet.es/xml/municipios/localidad_04100.xml,XML/id_04100.xml
01,04,101,9,Viator,04101,http://www.aemet.es/xml/municipios/localidad_04101.xml,XML/id_04101.xml
01,04,102,4,Vícar,04102,http://www.aemet.es/xml/municipios/localidad_04102.xml,XML/id_04102.xml
01,04,103,0,Zurgena,04103,http://www.aemet.es/xml/municipios/localidad_04103.xml,XML/id_04103.xml
01,11,001,2,Alcalá de los Gazules,11001,http://www.aemet.es/xml/municipios/localidad_11001.xml,XML/id_11001.xml
01,11,002,7,Alcalá del Valle,11002,http://www.aemet.es/xml/municipios/localidad_11002.xml,XML/id_11002.xml
01,11,003,3,Algar,11003,http://www.aemet.es/xml/municipios/localidad_11003.xml,XML/id_11003.xml
01,11,004,8,Algeciras,11004,http://www.aemet.es/xml/municipios/localidad_11004.xml,XML/id_11004.xml
01,11,005,1,Algodonales,11005,http://www.aemet.es/xml/municipios/localidad_11005.xml,XML/id_11005.xml
01,11,006,4,Arcos de la Frontera,11006,http://www.aemet.es/xml/municipios/localidad_11006.xml,XML/id_11006.xml
01,11,007,0,Barbate,11007,http://www.aemet.es/xml/municipios/localidad_11007.xml,XML/id_11007.xml
01,11,008,6,"Barrios, Los",11008,http://www.aemet.es/xml/municipios/localidad_11008.xml,XML/id_11008.xml
01,11,901,3,Benalup-Casas Viejas,11901,http://www.aemet.es/xml/municipios/localidad_11901.xml,XML/id_11901.xml
01,11,009,9,Benaocaz,11009,http://www.aemet.es/xml/municipios/localidad_11009.xml,XML/id_11009.xml
01,11,010,3,Bornos,11010,http://www.aemet.es/xml/municipios/localidad_11010.xml,XML/id_11010.xml
01,11,011,0,"Bosque, El",11011,http://www.aemet.es/xml/municipios/localidad_11011.xml,XML/id_11011.xml
01,11,012,5,Cádiz,11012,http://www.aemet.es/xml/municipios/localidad_11012.xml,XML/id_11012.xml
01,11,013,1,Castellar de la Frontera,11013,http://www.aemet.es/xml/municipios/localidad_11013.xml,XML/id_11013.xml
01,11,015,9,Chiclana de la Frontera,11015,http://www.aemet.es/xml/municipios/localidad_11015.xml,XML/id_11015.xml
01,11,016,2,Chipiona,11016,http://www.aemet.es/xml/municipios/localidad_11016.xml,XML/id_11016.xml
01,11,014,6,Conil de la Frontera,11014,http://www.aemet.es/xml/municipios/localidad_11014.xml,XML/id_11014.xml
01,11,017,8,Espera,11017,http://www.aemet.es/xml/municipios/localidad_11017.xml,XML/id_11017.xml
01,11,018,4,"Gastor, El",11018,http://www.aemet.es/xml/municipios/localidad_11018.xml,XML/id_11018.xml
01,11,019,7,Grazalema,11019,http://www.aemet.es/xml/municipios/localidad_11019.xml,XML/id_11019.xml
01,11,020,1,Jerez de la Frontera,11020,http://www.aemet.es/xml/municipios/localidad_11020.xml,XML/id_11020.xml
01,11,021,8,Jimena de la Frontera,11021,http://www.aemet.es/xml/municipios/localidad_11021.xml,XML/id_11021.xml
01,11,022,3,"Línea de la Concepción, La",11022,http://www.aemet.es/xml/municipios/localidad_11022.xml,XML/id_11022.xml
01,11,023,9,Medina Sidonia,11023,http://www.aemet.es/xml/municipios/localidad_11023.xml,XML/id_11023.xml
01,11,024,4,Olvera,11024,http://www.aemet.es/xml/municipios/localidad_11024.xml,XML/id_11024.xml
01,11,025,7,Paterna de Rivera,11025,http://www.aemet.es/xml/municipios/localidad_11025.xml,XML/id_11025.xml
01,11,026,0,Prado del Rey,11026,http://www.aemet.es/xml/municipios/localidad_11026.xml,XML/id_11026.xml
01,11,027,6,"Puerto de Santa María, El",11027,http://www.aemet.es/xml/municipios/localidad_11027.xml,XML/id_11027.xml
01,11,028,2,Puerto Real,11028,http://www.aemet.es/xml/municipios/localidad_11028.xml,XML/id_11028.xml
01,11,029,5,Puerto Serrano,11029,http://www.aemet.es/xml/municipios/localidad_11029.xml,XML/id_11029.xml
01,11,030,9,Rota,11030,http://www.aemet.es/xml/municipios/localidad_11030.xml,XML/id_11030.xml
01,11,031,6,San Fernando,11031,http://www.aemet.es/xml/municipios/localidad_11031.xml,XML/id_11031.xml
01,11,902,8,San José del Valle,11902,http://www.aemet.es/xml/municipios/localidad_11902.xml,XML/id_11902.xml
01,11,033,7,San Roque,11033,http://www.aemet.es/xml/municipios/localidad_11033.xml,XML/id_11033.xml
01,11,032,1,Sanlúcar de Barrameda,11032,http://www.aemet.es/xml/municipios/localidad_11032.xml,XML/id_11032.xml
01,11,034,2,Setenil de las Bodegas,11034,http://www.aemet.es/xml/municipios/localidad_11034.xml,XML/id_11034.xml
01,11,035,5,Tarifa,11035,http://www.aemet.es/xml/municipios/localidad_11035.xml,XML/id_11035.xml
01,11,036,8,Torre Alháquime,11036,http://www.aemet.es/xml/municipios/localidad_11036.xml,XML/id_11036.xml
01,11,037,4,Trebujena,11037,http://www.aemet.es/xml/municipios/localidad_11037.xml,XML/id_11037.xml
01,11,038,0,Ubrique,11038,http://www.aemet.es/xml/municipios/localidad_11038.xml,XML/id_11038.xml
01,11,039,3,Vejer de la Frontera,11039,http://www.aemet.es/xml/municipios/localidad_11039.xml,XML/id_11039.xml
01,11,040,7,Villaluenga del Rosario,11040,http://www.aemet.es/xml/municipios/localidad_11040.xml,XML/id_11040.xml
01,11,041,4,Villamartín,11041,http://www.aemet.es/xml/municipios/localidad_11041.xml,XML/id_11041.xml
01,11,042,9,Zahara,11042,http://www.aemet.es/xml/municipios/localidad_11042.xml,XML/id_11042.xml
01,14,001,8,Adamuz,14001,http://www.aemet.es/xml/municipios/localidad_14001.xml,XML/id_14001.xml
01,14,002,3,Aguilar de la Frontera,14002,http://www.aemet.es/xml/municipios/localidad_14002.xml,XML/id_14002.xml
01,14,003,9,Alcaracejos,14003,http://www.aemet.es/xml/municipios/localidad_14003.xml,XML/id_14003.xml
01,14,004,4,Almedinilla,14004,http://www.aemet.es/xml/municipios/localidad_14004.xml,XML/id_14004.xml
01,14,005,7,Almodóvar del Río,14005,http://www.aemet.es/xml/municipios/localidad_14005.xml,XML/id_14005.xml
01,14,006,0,Añora,14006,http://www.aemet.es/xml/municipios/localidad_14006.xml,XML/id_14006.xml
01,14,007,6,Baena,14007,http://www.aemet.es/xml/municipios/localidad_14007.xml,XML/id_14007.xml
01,14,008,2,Belalcázar,14008,http://www.aemet.es/xml/municipios/localidad_14008.xml,XML/id_14008.xml
01,14,009,5,Belmez,14009,http://www.aemet.es/xml/municipios/localidad_14009.xml,XML/id_14009.xml
01,14,010,9,Benamejí,14010,http://www.aemet.es/xml/municipios/localidad_14010.xml,XML/id_14010.xml
01,14,011,6,"Blázquez, Los",14011,http://www.aemet.es/xml/municipios/localidad_14011.xml,XML/id_14011.xml
01,14,012,1,Bujalance,14012,http://www.aemet.es/xml/municipios/localidad_14012.xml,XML/id_14012.xml
01,14,013,7,Cabra,14013,http://www.aemet.es/xml/municipios/localidad_14013.xml,XML/id_14013.xml
01,14,014,2,Cañete de las Torres,14014,http://www.aemet.es/xml/municipios/localidad_14014.xml,XML/id_14014.xml
01,14,015,5,Carcabuey,14015,http://www.aemet.es/xml/municipios/localidad_14015.xml,XML/id_14015.xml
01,14,016,8,Cardeña,14016,http://www.aemet.es/xml/municipios/localidad_14016.xml,XML/id_14016.xml
01,14,017,4,"Carlota, La",14017,http://www.aemet.es/xml/municipios/localidad_14017.xml,XML/id_14017.xml
01,14,018,0,"Carpio, El",14018,http://www.aemet.es/xml/municipios/localidad_14018.xml,XML/id_14018.xml
01,14,019,3,Castro del Río,14019,http://www.aemet.es/xml/municipios/localidad_14019.xml,XML/id_14019.xml
01,14,020,7,Conquista,14020,http://www.aemet.es/xml/municipios/localidad_14020.xml,XML/id_14020.xml
01,14,021,4,Córdoba,14021,http://www.aemet.es/xml/municipios/localidad_14021.xml,XML/id_14021.xml
01,14,022,9,Doña Mencía,14022,http://www.aemet.es/xml/municipios/localidad_14022.xml,XML/id_14022.xml
01,14,023,5,Dos Torres,14023,http://www.aemet.es/xml/municipios/localidad_14023.xml,XML/id_14023.xml
01,14,024,0,Encinas Reales,14024,http://www.aemet.es/xml/municipios/localidad_14024.xml,XML/id_14024.xml
01,14,025,3,Espejo,14025,http://www.aemet.es/xml/municipios/localidad_14025.xml,XML/id_14025.xml
01,14,026,6,Espiel,14026,http://www.aemet.es/xml/municipios/localidad_14026.xml,XML/id_14026.xml
01,14,027,2,Fernán-Núñez,14027,http://www.aemet.es/xml/municipios/localidad_14027.xml,XML/id_14027.xml
01,14,028,8,Fuente la Lancha,14028,http://www.aemet.es/xml/municipios/localidad_14028.xml,XML/id_14028.xml
01,14,029,1,Fuente Obejuna,14029,http://www.aemet.es/xml/municipios/localidad_14029.xml,XML/id_14029.xml
01,14,030,5,Fuente Palmera,14030,http://www.aemet.es/xml/municipios/localidad_14030.xml,XML/id_14030.xml
01,14,031,2,Fuente-Tójar,14031,http://www.aemet.es/xml/municipios/localidad_14031.xml,XML/id_14031.xml
01,14,032,7,"Granjuela, La",14032,http://www.aemet.es/xml/municipios/localidad_14032.xml,XML/id_14032.xml
01,14,033,3,Guadalcázar,14033,http://www.aemet.es/xml/municipios/localidad_14033.xml,XML/id_14033.xml
01,14,034,8,"Guijo, El",14034,http://www.aemet.es/xml/municipios/localidad_14034.xml,XML/id_14034.xml
01,14,035,1,Hinojosa del Duque,14035,http://www.aemet.es/xml/municipios/localidad_14035.xml,XML/id_14035.xml
01,14,036,4,Hornachuelos,14036,http://www.aemet.es/xml/municipios/localidad_14036.xml,XML/id_14036.xml
01,14,037,0,Iznájar,14037,http://www.aemet.es/xml/municipios/localidad_14037.xml,XML/id_14037.xml
01,14,038,6,Lucena,14038,http://www.aemet.es/xml/municipios/localidad_14038.xml,XML/id_14038.xml
01,14,039,9,Luque,14039,http://www.aemet.es/xml/municipios/localidad_14039.xml,XML/id_14039.xml
01,14,040,3,Montalbán de Córdoba,14040,http://www.aemet.es/xml/municipios/localidad_14040.xml,XML/id_14040.xml
01,14,041,0,Montemayor,14041,http://www.aemet.es/xml/municipios/localidad_14041.xml,XML/id_14041.xml
01,14,042,5,Montilla,14042,http://www.aemet.es/xml/municipios/localidad_14042.xml,XML/id_14042.xml
01,14,043,1,Montoro,14043,http://www.aemet.es/xml/municipios/localidad_14043.xml,XML/id_14043.xml
01,14,044,6,Monturque,14044,http://www.aemet.es/xml/municipios/localidad_14044.xml,XML/id_14044.xml
01,14,045,9,Moriles,14045,http://www.aemet.es/xml/municipios/localidad_14045.xml,XML/id_14045.xml
01,14,046,2,Nueva Carteya,14046,http://www.aemet.es/xml/municipios/localidad_14046.xml,XML/id_14046.xml
01,14,047,8,Obejo,14047,http://www.aemet.es/xml/municipios/localidad_14047.xml,XML/id_14047.xml
01,14,048,4,Palenciana,14048,http://www.aemet.es/xml/municipios/localidad_14048.xml,XML/id_14048.xml
01,14,049,7,Palma del Río,14049,http://www.aemet.es/xml/municipios/localidad_14049.xml,XML/id_14049.xml
01,14,050,0,Pedro Abad,14050,http://www.aemet.es/xml/municipios/localidad_14050.xml,XML/id_14050.xml
01,14,051,7,Pedroche,14051,http://www.aemet.es/xml/municipios/localidad_14051.xml,XML/id_14051.xml
01,14,052,2,Peñarroya-Pueblonuevo,14052,http://www.aemet.es/xml/municipios/localidad_14052.xml,XML/id_14052.xml
01,14,053,8,Posadas,14053,http://www.aemet.es/xml/municipios/localidad_14053.xml,XML/id_14053.xml
01,14,054,3,Pozoblanco,14054,http://www.aemet.es/xml/municipios/localidad_14054.xml,XML/id_14054.xml
01,14,055,6,Priego de Córdoba,14055,http://www.aemet.es/xml/municipios/localidad_14055.xml,XML/id_14055.xml
01,14,056,9,Puente Genil,14056,http://www.aemet.es/xml/municipios/localidad_14056.xml,XML/id_14056.xml
01,14,057,5,"Rambla, La",14057,http://www.aemet.es/xml/municipios/localidad_14057.xml,XML/id_14057.xml
01,14,058,1,Rute,14058,http://www.aemet.es/xml/municipios/localidad_14058.xml,XML/id_14058.xml
01,14,059,4,San Sebastián de los Ballesteros,14059,http://www.aemet.es/xml/municipios/localidad_14059.xml,XML/id_14059.xml
01,14,061,5,Santa Eufemia,14061,http://www.aemet.es/xml/municipios/localidad_14061.xml,XML/id_14061.xml
01,14,060,8,Santaella,14060,http://www.aemet.es/xml/municipios/localidad_14060.xml,XML/id_14060.xml
01,14,062,0,Torrecampo,14062,http://www.aemet.es/xml/municipios/localidad_14062.xml,XML/id_14062.xml
01,14,063,6,Valenzuela,14063,http://www.aemet.es/xml/municipios/localidad_14063.xml,XML/id_14063.xml
01,14,064,1,Valsequillo,14064,http://www.aemet.es/xml/municipios/localidad_14064.xml,XML/id_14064.xml
01,14,065,4,"Victoria, La",14065,http://www.aemet.es/xml/municipios/localidad_14065.xml,XML/id_14065.xml
01,14,066,7,Villa del Río,14066,http://www.aemet.es/xml/municipios/localidad_14066.xml,XML/id_14066.xml
01,14,067,3,Villafranca de Córdoba,14067,http://www.aemet.es/xml/municipios/localidad_14067.xml,XML/id_14067.xml
01,14,068,9,Villaharta,14068,http://www.aemet.es/xml/municipios/localidad_14068.xml,XML/id_14068.xml
01,14,069,2,Villanueva de Córdoba,14069,http://www.aemet.es/xml/municipios/localidad_14069.xml,XML/id_14069.xml
01,14,070,6,Villanueva del Duque,14070,http://www.aemet.es/xml/municipios/localidad_14070.xml,XML/id_14070.xml
01,14,071,3,Villanueva del Rey,14071,http://www.aemet.es/xml/municipios/localidad_14071.xml,XML/id_14071.xml
01,14,072,8,Villaralto,14072,http://www.aemet.es/xml/municipios/localidad_14072.xml,XML/id_14072.xml
01,14,073,4,Villaviciosa de Córdoba,14073,http://www.aemet.es/xml/municipios/localidad_14073.xml,XML/id_14073.xml
01,14,074,9,"Viso, El",14074,http://www.aemet.es/xml/municipios/localidad_14074.xml,XML/id_14074.xml
01,14,075,2,Zuheros,14075,http://www.aemet.es/xml/municipios/localidad_14075.xml,XML/id_14075.xml
01,18,001,6,Agrón,18001,http://www.aemet.es/xml/municipios/localidad_18001.xml,XML/id_18001.xml
01,18,002,1,Alamedilla,18002,http://www.aemet.es/xml/municipios/localidad_18002.xml,XML/id_18002.xml
01,18,003,7,Albolote,18003,http://www.aemet.es/xml/municipios/localidad_18003.xml,XML/id_18003.xml
01,18,004,2,Albondón,18004,http://www.aemet.es/xml/municipios/localidad_18004.xml,XML/id_18004.xml
01,18,005,5,Albuñán,18005,http://www.aemet.es/xml/municipios/localidad_18005.xml,XML/id_18005.xml
01,18,006,8,Albuñol,18006,http://www.aemet.es/xml/municipios/localidad_18006.xml,XML/id_18006.xml
01,18,007,4,Albuñuelas,18007,http://www.aemet.es/xml/municipios/localidad_18007.xml,XML/id_18007.xml
01,18,010,7,Aldeire,18010,http://www.aemet.es/xml/municipios/localidad_18010.xml,XML/id_18010.xml
01,18,011,4,Alfacar,18011,http://www.aemet.es/xml/municipios/localidad_18011.xml,XML/id_18011.xml
01,18,012,9,Algarinejo,18012,http://www.aemet.es/xml/municipios/localidad_18012.xml,XML/id_18012.xml
01,18,013,5,Alhama de Granada,18013,http://www.aemet.es/xml/municipios/localidad_18013.xml,XML/id_18013.xml
01,18,014,0,Alhendín,18014,http://www.aemet.es/xml/municipios/localidad_18014.xml,XML/id_18014.xml
01,18,015,3,Alicún de Ortega,18015,http://www.aemet.es/xml/municipios/localidad_18015.xml,XML/id_18015.xml
01,18,016,6,Almegíjar,18016,http://www.aemet.es/xml/municipios/localidad_18016.xml,XML/id_18016.xml
01,18,017,2,Almuñécar,18017,http://www.aemet.es/xml/municipios/localidad_18017.xml,XML/id_18017.xml
01,18,904,3,Alpujarra de la Sierra,18904,http://www.aemet.es/xml/municipios/localidad_18904.xml,XML/id_18904.xml
01,18,018,8,Alquife,18018,http://www.aemet.es/xml/municipios/localidad_18018.xml,XML/id_18018.xml
01,18,020,5,Arenas del Rey,18020,http://www.aemet.es/xml/municipios/localidad_18020.xml,XML/id_18020.xml
01,18,021,2,Armilla,18021,http://www.aemet.es/xml/municipios/localidad_18021.xml,XML/id_18021.xml
01,18,022,7,Atarfe,18022,http://www.aemet.es/xml/municipios/localidad_18022.xml,XML/id_18022.xml
01,18,023,3,Baza,18023,http://www.aemet.es/xml/municipios/localidad_18023.xml,XML/id_18023.xml
01,18,024,8,Beas de Granada,18024,http://www.aemet.es/xml/municipios/localidad_18024.xml,XML/id_18024.xml
01,18,025,1,Beas de Guadix,18025,http://www.aemet.es/xml/municipios/localidad_18025.xml,XML/id_18025.xml
01,18,027,0,Benalúa,18027,http://www.aemet.es/xml/municipios/localidad_18027.xml,XML/id_18027.xml
01,18,028,6,Benalúa de las Villas,18028,http://www.aemet.es/xml/municipios/localidad_18028.xml,XML/id_18028.xml
01,18,029,9,Benamaurel,18029,http://www.aemet.es/xml/municipios/localidad_18029.xml,XML/id_18029.xml
01,18,030,3,Bérchules,18030,http://www.aemet.es/xml/municipios/localidad_18030.xml,XML/id_18030.xml
01,18,032,5,Bubión,18032,http://www.aemet.es/xml/municipios/localidad_18032.xml,XML/id_18032.xml
01,18,033,1,Busquístar,18033,http://www.aemet.es/xml/municipios/localidad_18033.xml,XML/id_18033.xml
01,18,034,6,Cacín,18034,http://www.aemet.es/xml/municipios/localidad_18034.xml,XML/id_18034.xml
01,18,035,9,Cádiar,18035,http://www.aemet.es/xml/municipios/localidad_18035.xml,XML/id_18035.xml
01,18,036,2,Cájar,18036,http://www.aemet.es/xml/municipios/localidad_18036.xml,XML/id_18036.xml
01,18,114,9,"Calahorra, La",18114,http://www.aemet.es/xml/municipios/localidad_18114.xml,XML/id_18114.xml
01,18,037,8,Calicasas,18037,http://www.aemet.es/xml/municipios/localidad_18037.xml,XML/id_18037.xml
01,18,038,4,Campotéjar,18038,http://www.aemet.es/xml/municipios/localidad_18038.xml,XML/id_18038.xml
01,18,039,7,Caniles,18039,http://www.aemet.es/xml/municipios/localidad_18039.xml,XML/id_18039.xml
01,18,040,1,Cáñar,18040,http://www.aemet.es/xml/municipios/localidad_18040.xml,XML/id_18040.xml
01,18,042,3,Capileira,18042,http://www.aemet.es/xml/municipios/localidad_18042.xml,XML/id_18042.xml
01,18,043,9,Carataunas,18043,http://www.aemet.es/xml/municipios/localidad_18043.xml,XML/id_18043.xml
01,18,044,4,Cástaras,18044,http://www.aemet.es/xml/municipios/localidad_18044.xml,XML/id_18044.xml
01,18,045,7,Castilléjar,18045,http://www.aemet.es/xml/municipios/localidad_18045.xml,XML/id_18045.xml
01,18,046,0,Castril,18046,http://www.aemet.es/xml/municipios/localidad_18046.xml,XML/id_18046.xml
01,18,047,6,Cenes de la Vega,18047,http://www.aemet.es/xml/municipios/localidad_18047.xml,XML/id_18047.xml
01,18,059,2,Chauchina,18059,http://www.aemet.es/xml/municipios/localidad_18059.xml,XML/id_18059.xml
01,18,061,3,Chimeneas,18061,http://www.aemet.es/xml/municipios/localidad_18061.xml,XML/id_18061.xml
01,18,062,8,Churriana de la Vega,18062,http://www.aemet.es/xml/municipios/localidad_18062.xml,XML/id_18062.xml
01,18,048,2,Cijuela,18048,http://www.aemet.es/xml/municipios/localidad_18048.xml,XML/id_18048.xml
01,18,049,5,Cogollos de Guadix,18049,http://www.aemet.es/xml/municipios/localidad_18049.xml,XML/id_18049.xml
01,18,050,8,Cogollos de la Vega,18050,http://www.aemet.es/xml/municipios/localidad_18050.xml,XML/id_18050.xml
01,18,051,5,Colomera,18051,http://www.aemet.es/xml/municipios/localidad_18051.xml,XML/id_18051.xml
01,18,053,6,Cortes de Baza,18053,http://www.aemet.es/xml/municipios/localidad_18053.xml,XML/id_18053.xml
01,18,054,1,Cortes y Graena,18054,http://www.aemet.es/xml/municipios/localidad_18054.xml,XML/id_18054.xml
01,18,912,0,Cuevas del Campo,18912,http://www.aemet.es/xml/municipios/localidad_18912.xml,XML/id_18912.xml
01,18,056,7,Cúllar,18056,http://www.aemet.es/xml/municipios/localidad_18056.xml,XML/id_18056.xml
01,18,057,3,Cúllar Vega,18057,http://www.aemet.es/xml/municipios/localidad_18057.xml,XML/id_18057.xml
01,18,063,4,Darro,18063,http://www.aemet.es/xml/municipios/localidad_18063.xml,XML/id_18063.xml
01,18,064,9,Dehesas de Guadix,18064,http://www.aemet.es/xml/municipios/localidad_18064.xml,XML/id_18064.xml
01,18,065,2,Dehesas Viejas,18065,http://www.aemet.es/xml/municipios/localidad_18065.xml,XML/id_18065.xml
01,18,066,5,Deifontes,18066,http://www.aemet.es/xml/municipios/localidad_18066.xml,XML/id_18066.xml
01,18,067,1,Diezma,18067,http://www.aemet.es/xml/municipios/localidad_18067.xml,XML/id_18067.xml
01,18,068,7,Dílar,18068,http://www.aemet.es/xml/municipios/localidad_18068.xml,XML/id_18068.xml
01,18,069,0,Dólar,18069,http://www.aemet.es/xml/municipios/localidad_18069.xml,XML/id_18069.xml
01,18,915,4,Domingo Pérez de Granada,18915,http://www.aemet.es/xml/municipios/localidad_18915.xml,XML/id_18915.xml
01,18,070,4,Dúdar,18070,http://www.aemet.es/xml/municipios/localidad_18070.xml,XML/id_18070.xml
01,18,071,1,Dúrcal,18071,http://www.aemet.es/xml/municipios/localidad_18071.xml,XML/id_18071.xml
01,18,072,6,Escúzar,18072,http://www.aemet.es/xml/municipios/localidad_18072.xml,XML/id_18072.xml
01,18,074,7,Ferreira,18074,http://www.aemet.es/xml/municipios/localidad_18074.xml,XML/id_18074.xml
01,18,076,3,Fonelas,18076,http://www.aemet.es/xml/municipios/localidad_18076.xml,XML/id_18076.xml
01,18,078,5,Freila,18078,http://www.aemet.es/xml/municipios/localidad_18078.xml,XML/id_18078.xml
01,18,079,8,Fuente Vaqueros,18079,http://www.aemet.es/xml/municipios/localidad_18079.xml,XML/id_18079.xml
01,18,905,6,"Gabias, Las",18905,http://www.aemet.es/xml/municipios/localidad_18905.xml,XML/id_18905.xml
01,18,082,4,Galera,18082,http://www.aemet.es/xml/municipios/localidad_18082.xml,XML/id_18082.xml
01,18,083,0,Gobernador,18083,http://www.aemet.es/xml/municipios/localidad_18083.xml,XML/id_18083.xml
01,18,084,5,Gójar,18084,http://www.aemet.es/xml/municipios/localidad_18084.xml,XML/id_18084.xml
01,18,085,8,Gor,18085,http://www.aemet.es/xml/municipios/localidad_18085.xml,XML/id_18085.xml
01,18,086,1,Gorafe,18086,http://www.aemet.es/xml/municipios/localidad_18086.xml,XML/id_18086.xml
01,18,087,7,Granada,18087,http://www.aemet.es/xml/municipios/localidad_18087.xml,XML/id_18087.xml
01,18,088,3,Guadahortuna,18088,http://www.aemet.es/xml/municipios/localidad_18088.xml,XML/id_18088.xml
01,18,089,6,Guadix,18089,http://www.aemet.es/xml/municipios/localidad_18089.xml,XML/id_18089.xml
01,18,906,9,"Guájares, Los",18906,http://www.aemet.es/xml/municipios/localidad_18906.xml,XML/id_18906.xml
01,18,093,8,Gualchos,18093,http://www.aemet.es/xml/municipios/localidad_18093.xml,XML/id_18093.xml
01,18,094,3,Güéjar Sierra,18094,http://www.aemet.es/xml/municipios/localidad_18094.xml,XML/id_18094.xml
01,18,095,6,Güevéjar,18095,http://www.aemet.es/xml/municipios/localidad_18095.xml,XML/id_18095.xml
01,18,096,9,Huélago,18096,http://www.aemet.es/xml/municipios/localidad_18096.xml,XML/id_18096.xml
01,18,097,5,Huéneja,18097,http://www.aemet.es/xml/municipios/localidad_18097.xml,XML/id_18097.xml
01,18,098,1,Huéscar,18098,http://www.aemet.es/xml/municipios/localidad_18098.xml,XML/id_18098.xml
01,18,099,4,Huétor de Santillán,18099,http://www.aemet.es/xml/municipios/localidad_18099.xml,XML/id_18099.xml
01,18,100,8,Huétor Tájar,18100,http://www.aemet.es/xml/municipios/localidad_18100.xml,XML/id_18100.xml
01,18,101,5,Huétor Vega,18101,http://www.aemet.es/xml/municipios/localidad_18101.xml,XML/id_18101.xml
01,18,102,0,Íllora,18102,http://www.aemet.es/xml/municipios/localidad_18102.xml,XML/id_18102.xml
01,18,103,6,Ítrabo,18103,http://www.aemet.es/xml/municipios/localidad_18103.xml,XML/id_18103.xml
01,18,105,4,Iznalloz,18105,http://www.aemet.es/xml/municipios/localidad_18105.xml,XML/id_18105.xml
01,18,106,7,Játar,18106,http://www.aemet.es/xml/municipios/localidad_18106.xml,XML/id_18106.xml
01,18,107,3,Jayena,18107,http://www.aemet.es/xml/municipios/localidad_18107.xml,XML/id_18107.xml
01,18,108,9,Jérez del Marquesado,18108,http://www.aemet.es/xml/municipios/localidad_18108.xml,XML/id_18108.xml
01,18,109,2,Jete,18109,http://www.aemet.es/xml/municipios/localidad_18109.xml,XML/id_18109.xml
01,18,111,3,Jun,18111,http://www.aemet.es/xml/municipios/localidad_18111.xml,XML/id_18111.xml
01,18,112,8,Juviles,18112,http://www.aemet.es/xml/municipios/localidad_18112.xml,XML/id_18112.xml
01,18,115,2,Láchar,18115,http://www.aemet.es/xml/municipios/localidad_18115.xml,XML/id_18115.xml
01,18,116,5,Lanjarón,18116,http://www.aemet.es/xml/municipios/localidad_18116.xml,XML/id_18116.xml
01,18,117,1,Lanteira,18117,http://www.aemet.es/xml/municipios/localidad_18117.xml,XML/id_18117.xml
01,18,119,0,Lecrín,18119,http://www.aemet.es/xml/municipios/localidad_18119.xml,XML/id_18119.xml
01,18,120,4,Lentegí,18120,http://www.aemet.es/xml/municipios/localidad_18120.xml,XML/id_18120.xml
01,18,121,1,Lobras,18121,http://www.aemet.es/xml/municipios/localidad_18121.xml,XML/id_18121.xml
01,18,122,6,Loja,18122,http://www.aemet.es/xml/municipios/localidad_18122.xml,XML/id_18122.xml
01,18,123,2,Lugros,18123,http://www.aemet.es/xml/municipios/localidad_18123.xml,XML/id_18123.xml
01,18,124,7,Lújar,18124,http://www.aemet.es/xml/municipios/localidad_18124.xml,XML/id_18124.xml
01,18,126,3,"Malahá, La",18126,http://www.aemet.es/xml/municipios/localidad_18126.xml,XML/id_18126.xml
01,18,127,9,Maracena,18127,http://www.aemet.es/xml/municipios/localidad_18127.xml,XML/id_18127.xml
01,18,128,5,Marchal,18128,http://www.aemet.es/xml/municipios/localidad_18128.xml,XML/id_18128.xml
01,18,132,4,Moclín,18132,http://www.aemet.es/xml/municipios/localidad_18132.xml,XML/id_18132.xml
01,18,133,0,Molvízar,18133,http://www.aemet.es/xml/municipios/localidad_18133.xml,XML/id_18133.xml
01,18,134,5,Monachil,18134,http://www.aemet.es/xml/municipios/localidad_18134.xml,XML/id_18134.xml
01,18,135,8,Montefrío,18135,http://www.aemet.es/xml/municipios/localidad_18135.xml,XML/id_18135.xml
01,18,136,1,Montejícar,18136,http://www.aemet.es/xml/municipios/localidad_18136.xml,XML/id_18136.xml
01,18,137,7,Montillana,18137,http://www.aemet.es/xml/municipios/localidad_18137.xml,XML/id_18137.xml
01,18,138,3,Moraleda de Zafayona,18138,http://www.aemet.es/xml/municipios/localidad_18138.xml,XML/id_18138.xml
01,18,909,4,Morelábor,18909,http://www.aemet.es/xml/municipios/localidad_18909.xml,XML/id_18909.xml
01,18,140,0,Motril,18140,http://www.aemet.es/xml/municipios/localidad_18140.xml,XML/id_18140.xml
01,18,141,7,Murtas,18141,http://www.aemet.es/xml/municipios/localidad_18141.xml,XML/id_18141.xml
01,18,903,8,Nevada,18903,http://www.aemet.es/xml/municipios/localidad_18903.xml,XML/id_18903.xml
01,18,143,8,Nigüelas,18143,http://www.aemet.es/xml/municipios/localidad_18143.xml,XML/id_18143.xml
01,18,144,3,Nívar,18144,http://www.aemet.es/xml/municipios/localidad_18144.xml,XML/id_18144.xml
01,18,145,6,Ogíjares,18145,http://www.aemet.es/xml/municipios/localidad_18145.xml,XML/id_18145.xml
01,18,146,9,Orce,18146,http://www.aemet.es/xml/municipios/localidad_18146.xml,XML/id_18146.xml
01,18,147,5,Órgiva,18147,http://www.aemet.es/xml/municipios/localidad_18147.xml,XML/id_18147.xml
01,18,148,1,Otívar,18148,http://www.aemet.es/xml/municipios/localidad_18148.xml,XML/id_18148.xml
01,18,150,7,Padul,18150,http://www.aemet.es/xml/municipios/localidad_18150.xml,XML/id_18150.xml
01,18,151,4,Pampaneira,18151,http://www.aemet.es/xml/municipios/localidad_18151.xml,XML/id_18151.xml
01,18,152,9,Pedro Martínez,18152,http://www.aemet.es/xml/municipios/localidad_18152.xml,XML/id_18152.xml
01,18,153,5,Peligros,18153,http://www.aemet.es/xml/municipios/localidad_18153.xml,XML/id_18153.xml
01,18,154,0,"Peza, La",18154,http://www.aemet.es/xml/municipios/localidad_18154.xml,XML/id_18154.xml
01,18,910,8,"Pinar, El",18910,http://www.aemet.es/xml/municipios/localidad_18910.xml,XML/id_18910.xml
01,18,157,2,Pinos Genil,18157,http://www.aemet.es/xml/municipios/localidad_18157.xml,XML/id_18157.xml
01,18,158,8,Pinos Puente,18158,http://www.aemet.es/xml/municipios/localidad_18158.xml,XML/id_18158.xml
01,18,159,1,Píñar,18159,http://www.aemet.es/xml/municipios/localidad_18159.xml,XML/id_18159.xml
01,18,161,2,Polícar,18161,http://www.aemet.es/xml/municipios/localidad_18161.xml,XML/id_18161.xml
01,18,162,7,Polopos,18162,http://www.aemet.es/xml/municipios/localidad_18162.xml,XML/id_18162.xml
01,18,163,3,Pórtugos,18163,http://www.aemet.es/xml/municipios/localidad_18163.xml,XML/id_18163.xml
01,18,164,8,Puebla de Don Fadrique,18164,http://www.aemet.es/xml/municipios/localidad_18164.xml,XML/id_18164.xml
01,18,165,1,Pulianas,18165,http://www.aemet.es/xml/municipios/localidad_18165.xml,XML/id_18165.xml
01,18,167,0,Purullena,18167,http://www.aemet.es/xml/municipios/localidad_18167.xml,XML/id_18167.xml
01,18,168,6,Quéntar,18168,http://www.aemet.es/xml/municipios/localidad_18168.xml,XML/id_18168.xml
01,18,170,3,Rubite,18170,http://www.aemet.es/xml/municipios/localidad_18170.xml,XML/id_18170.xml
01,18,171,0,Salar,18171,http://www.aemet.es/xml/municipios/localidad_18171.xml,XML/id_18171.xml
01,18,173,1,Salobreña,18173,http://www.aemet.es/xml/municipios/localidad_18173.xml,XML/id_18173.xml
01,18,174,6,Santa Cruz del Comercio,18174,http://www.aemet.es/xml/municipios/localidad_18174.xml,XML/id_18174.xml
01,18,175,9,Santa Fe,18175,http://www.aemet.es/xml/municipios/localidad_18175.xml,XML/id_18175.xml
01,18,176,2,Soportújar,18176,http://www.aemet.es/xml/municipios/localidad_18176.xml,XML/id_18176.xml
01,18,177,8,Sorvilán,18177,http://www.aemet.es/xml/municipios/localidad_18177.xml,XML/id_18177.xml
01,18,901,7,"Taha, La",18901,http://www.aemet.es/xml/municipios/localidad_18901.xml,XML/id_18901.xml
01,18,178,4,Torre-Cardela,18178,http://www.aemet.es/xml/municipios/localidad_18178.xml,XML/id_18178.xml
01,18,179,7,Torvizcón,18179,http://www.aemet.es/xml/municipios/localidad_18179.xml,XML/id_18179.xml
01,18,180,1,Trevélez,18180,http://www.aemet.es/xml/municipios/localidad_18180.xml,XML/id_18180.xml
01,18,181,8,Turón,18181,http://www.aemet.es/xml/municipios/localidad_18181.xml,XML/id_18181.xml
01,18,182,3,Ugíjar,18182,http://www.aemet.es/xml/municipios/localidad_18182.xml,XML/id_18182.xml
01,18,914,1,Valderrubio,18914,http://www.aemet.es/xml/municipios/localidad_18914.xml,XML/id_18914.xml
01,18,907,5,Valle del Zalabí,18907,http://www.aemet.es/xml/municipios/localidad_18907.xml,XML/id_18907.xml
01,18,902,2,"Valle, El",18902,http://www.aemet.es/xml/municipios/localidad_18902.xml,XML/id_18902.xml
01,18,183,9,Válor,18183,http://www.aemet.es/xml/municipios/localidad_18183.xml,XML/id_18183.xml
01,18,911,5,Vegas del Genil,18911,http://www.aemet.es/xml/municipios/localidad_18911.xml,XML/id_18911.xml
01,18,184,4,Vélez de Benaudalla,18184,http://www.aemet.es/xml/municipios/localidad_18184.xml,XML/id_18184.xml
01,18,185,7,Ventas de Huelma,18185,http://www.aemet.es/xml/municipios/localidad_18185.xml,XML/id_18185.xml
01,18,149,4,Villa de Otura,18149,http://www.aemet.es/xml/municipios/localidad_18149.xml,XML/id_18149.xml
01,18,908,1,Villamena,18908,http://www.aemet.es/xml/municipios/localidad_18908.xml,XML/id_18908.xml
01,18,187,6,Villanueva de las Torres,18187,http://www.aemet.es/xml/municipios/localidad_18187.xml,XML/id_18187.xml
01,18,188,2,Villanueva Mesía,18188,http://www.aemet.es/xml/municipios/localidad_18188.xml,XML/id_18188.xml
01,18,189,5,Víznar,18189,http://www.aemet.es/xml/municipios/localidad_18189.xml,XML/id_18189.xml
01,18,192,1,Zafarraya,18192,http://www.aemet.es/xml/municipios/localidad_18192.xml,XML/id_18192.xml
01,18,913,6,Zagra,18913,http://www.aemet.es/xml/municipios/localidad_18913.xml,XML/id_18913.xml
01,18,193,7,"Zubia, La",18193,http://www.aemet.es/xml/municipios/localidad_18193.xml,XML/id_18193.xml
01,18,194,2,Zújar,18194,http://www.aemet.es/xml/municipios/localidad_18194.xml,XML/id_18194.xml
01,21,001,0,Alájar,21001,http://www.aemet.es/xml/municipios/localidad_21001.xml,XML/id_21001.xml
01,21,002,5,Aljaraque,21002,http://www.aemet.es/xml/municipios/localidad_21002.xml,XML/id_21002.xml
01,21,003,1,"Almendro, El",21003,http://www.aemet.es/xml/municipios/localidad_21003.xml,XML/id_21003.xml
01,21,004,6,Almonaster la Real,21004,http://www.aemet.es/xml/municipios/localidad_21004.xml,XML/id_21004.xml
01,21,005,9,Almonte,21005,http://www.aemet.es/xml/municipios/localidad_21005.xml,XML/id_21005.xml
01,21,006,2,Alosno,21006,http://www.aemet.es/xml/municipios/localidad_21006.xml,XML/id_21006.xml
01,21,007,8,Aracena,21007,http://www.aemet.es/xml/municipios/localidad_21007.xml,XML/id_21007.xml
01,21,008,4,Aroche,21008,http://www.aemet.es/xml/municipios/localidad_21008.xml,XML/id_21008.xml
01,21,009,7,Arroyomolinos de León,21009,http://www.aemet.es/xml/municipios/localidad_21009.xml,XML/id_21009.xml
01,21,010,1,Ayamonte,21010,http://www.aemet.es/xml/municipios/localidad_21010.xml,XML/id_21010.xml
01,21,011,8,Beas,21011,http://www.aemet.es/xml/municipios/localidad_21011.xml,XML/id_21011.xml
01,21,012,3,Berrocal,21012,http://www.aemet.es/xml/municipios/localidad_21012.xml,XML/id_21012.xml
01,21,013,9,Bollullos Par del Condado,21013,http://www.aemet.es/xml/municipios/localidad_21013.xml,XML/id_21013.xml
01,21,014,4,Bonares,21014,http://www.aemet.es/xml/municipios/localidad_21014.xml,XML/id_21014.xml
01,21,015,7,Cabezas Rubias,21015,http://www.aemet.es/xml/municipios/localidad_21015.xml,XML/id_21015.xml
01,21,016,0,Cala,21016,http://www.aemet.es/xml/municipios/localidad_21016.xml,XML/id_21016.xml
01,21,017,6,Calañas,21017,http://www.aemet.es/xml/municipios/localidad_21017.xml,XML/id_21017.xml
01,21,018,2,"Campillo, El",21018,http://www.aemet.es/xml/municipios/localidad_21018.xml,XML/id_21018.xml
01,21,019,5,Campofrío,21019,http://www.aemet.es/xml/municipios/localidad_21019.xml,XML/id_21019.xml
01,21,020,9,Cañaveral de León,21020,http://www.aemet.es/xml/municipios/localidad_21020.xml,XML/id_21020.xml
01,21,021,6,Cartaya,21021,http://www.aemet.es/xml/municipios/localidad_21021.xml,XML/id_21021.xml
01,21,022,1,Castaño del Robledo,21022,http://www.aemet.es/xml/municipios/localidad_21022.xml,XML/id_21022.xml
01,21,023,7,"Cerro de Andévalo, El",21023,http://www.aemet.es/xml/municipios/localidad_21023.xml,XML/id_21023.xml
01,21,030,7,Chucena,21030,http://www.aemet.es/xml/municipios/localidad_21030.xml,XML/id_21030.xml
01,21,024,2,Corteconcepción,21024,http://www.aemet.es/xml/municipios/localidad_21024.xml,XML/id_21024.xml
01,21,025,5,Cortegana,21025,http://www.aemet.es/xml/municipios/localidad_21025.xml,XML/id_21025.xml
01,21,026,8,Cortelazor,21026,http://www.aemet.es/xml/municipios/localidad_21026.xml,XML/id_21026.xml
01,21,027,4,Cumbres de Enmedio,21027,http://www.aemet.es/xml/municipios/localidad_21027.xml,XML/id_21027.xml
01,21,028,0,Cumbres de San Bartolomé,21028,http://www.aemet.es/xml/municipios/localidad_21028.xml,XML/id_21028.xml
01,21,029,3,Cumbres Mayores,21029,http://www.aemet.es/xml/municipios/localidad_21029.xml,XML/id_21029.xml
01,21,031,4,Encinasola,21031,http://www.aemet.es/xml/municipios/localidad_21031.xml,XML/id_21031.xml
01,21,032,9,Escacena del Campo,21032,http://www.aemet.es/xml/municipios/localidad_21032.xml,XML/id_21032.xml
01,21,033,5,Fuenteheridos,21033,http://www.aemet.es/xml/municipios/localidad_21033.xml,XML/id_21033.xml
01,21,034,0,Galaroza,21034,http://www.aemet.es/xml/municipios/localidad_21034.xml,XML/id_21034.xml
01,21,035,3,Gibraleón,21035,http://www.aemet.es/xml/municipios/localidad_21035.xml,XML/id_21035.xml
01,21,036,6,"Granada de Río-Tinto, La",21036,http://www.aemet.es/xml/municipios/localidad_21036.xml,XML/id_21036.xml
01,21,037,2,"Granado, El",21037,http://www.aemet.es/xml/municipios/localidad_21037.xml,XML/id_21037.xml
01,21,038,8,Higuera de la Sierra,21038,http://www.aemet.es/xml/municipios/localidad_21038.xml,XML/id_21038.xml
01,21,039,1,Hinojales,21039,http://www.aemet.es/xml/municipios/localidad_21039.xml,XML/id_21039.xml
01,21,040,5,Hinojos,21040,http://www.aemet.es/xml/municipios/localidad_21040.xml,XML/id_21040.xml
01,21,041,2,Huelva,21041,http://www.aemet.es/xml/municipios/localidad_21041.xml,XML/id_21041.xml
01,21,042,7,Isla Cristina,21042,http://www.aemet.es/xml/municipios/localidad_21042.xml,XML/id_21042.xml
01,21,043,3,Jabugo,21043,http://www.aemet.es/xml/municipios/localidad_21043.xml,XML/id_21043.xml
01,21,044,8,Lepe,21044,http://www.aemet.es/xml/municipios/localidad_21044.xml,XML/id_21044.xml
01,21,045,1,Linares de la Sierra,21045,http://www.aemet.es/xml/municipios/localidad_21045.xml,XML/id_21045.xml
01,21,046,4,Lucena del Puerto,21046,http://www.aemet.es/xml/municipios/localidad_21046.xml,XML/id_21046.xml
01,21,047,0,Manzanilla,21047,http://www.aemet.es/xml/municipios/localidad_21047.xml,XML/id_21047.xml
01,21,048,6,"Marines, Los",21048,http://www.aemet.es/xml/municipios/localidad_21048.xml,XML/id_21048.xml
01,21,049,9,Minas de Riotinto,21049,http://www.aemet.es/xml/municipios/localidad_21049.xml,XML/id_21049.xml
01,21,050,2,Moguer,21050,http://www.aemet.es/xml/municipios/localidad_21050.xml,XML/id_21050.xml
01,21,051,9,"Nava, La",21051,http://www.aemet.es/xml/municipios/localidad_21051.xml,XML/id_21051.xml
01,21,052,4,Nerva,21052,http://www.aemet.es/xml/municipios/localidad_21052.xml,XML/id_21052.xml
01,21,053,0,Niebla,21053,http://www.aemet.es/xml/municipios/localidad_21053.xml,XML/id_21053.xml
01,21,054,5,"Palma del Condado, La",21054,http://www.aemet.es/xml/municipios/localidad_21054.xml,XML/id_21054.xml
01,21,055,8,Palos de la Frontera,21055,http://www.aemet.es/xml/municipios/localidad_21055.xml,XML/id_21055.xml
01,21,056,1,Paterna del Campo,21056,http://www.aemet.es/xml/municipios/localidad_21056.xml,XML/id_21056.xml
01,21,057,7,Paymogo,21057,http://www.aemet.es/xml/municipios/localidad_21057.xml,XML/id_21057.xml
01,21,058,3,Puebla de Guzmán,21058,http://www.aemet.es/xml/municipios/localidad_21058.xml,XML/id_21058.xml
01,21,059,6,Puerto Moral,21059,http://www.aemet.es/xml/municipios/localidad_21059.xml,XML/id_21059.xml
01,21,060,0,Punta Umbría,21060,http://www.aemet.es/xml/municipios/localidad_21060.xml,XML/id_21060.xml
01,21,061,7,Rociana del Condado,21061,http://www.aemet.es/xml/municipios/localidad_21061.xml,XML/id_21061.xml
01,21,062,2,Rosal de la Frontera,21062,http://www.aemet.es/xml/municipios/localidad_21062.xml,XML/id_21062.xml
01,21,063,8,San Bartolomé de la Torre,21063,http://www.aemet.es/xml/municipios/localidad_21063.xml,XML/id_21063.xml
01,21,064,3,San Juan del Puerto,21064,http://www.aemet.es/xml/municipios/localidad_21064.xml,XML/id_21064.xml
01,21,066,9,San Silvestre de Guzmán,21066,http://www.aemet.es/xml/municipios/localidad_21066.xml,XML/id_21066.xml
01,21,065,6,Sanlúcar de Guadiana,21065,http://www.aemet.es/xml/municipios/localidad_21065.xml,XML/id_21065.xml
01,21,067,5,Santa Ana la Real,21067,http://www.aemet.es/xml/municipios/localidad_21067.xml,XML/id_21067.xml
01,21,068,1,Santa Bárbara de Casa,21068,http://www.aemet.es/xml/municipios/localidad_21068.xml,XML/id_21068.xml
01,21,069,4,Santa Olalla del Cala,21069,http://www.aemet.es/xml/municipios/localidad_21069.xml,XML/id_21069.xml
01,21,070,8,Trigueros,21070,http://www.aemet.es/xml/municipios/localidad_21070.xml,XML/id_21070.xml
01,21,071,5,Valdelarco,21071,http://www.aemet.es/xml/municipios/localidad_21071.xml,XML/id_21071.xml
01,21,072,0,Valverde del Camino,21072,http://www.aemet.es/xml/municipios/localidad_21072.xml,XML/id_21072.xml
01,21,073,6,Villablanca,21073,http://www.aemet.es/xml/municipios/localidad_21073.xml,XML/id_21073.xml
01,21,074,1,Villalba del Alcor,21074,http://www.aemet.es/xml/municipios/localidad_21074.xml,XML/id_21074.xml
01,21,075,4,Villanueva de las Cruces,21075,http://www.aemet.es/xml/municipios/localidad_21075.xml,XML/id_21075.xml
01,21,076,7,Villanueva de los Castillejos,21076,http://www.aemet.es/xml/municipios/localidad_21076.xml,XML/id_21076.xml
01,21,077,3,Villarrasa,21077,http://www.aemet.es/xml/municipios/localidad_21077.xml,XML/id_21077.xml
01,21,078,9,Zalamea la Real,21078,http://www.aemet.es/xml/municipios/localidad_21078.xml,XML/id_21078.xml
01,21,079,2,Zufre,21079,http://www.aemet.es/xml/municipios/localidad_21079.xml,XML/id_21079.xml
01,23,001,1,Albanchez de Mágina,23001,http://www.aemet.es/xml/municipios/localidad_23001.xml,XML/id_23001.xml
01,23,002,6,Alcalá la Real,23002,http://www.aemet.es/xml/municipios/localidad_23002.xml,XML/id_23002.xml
01,23,003,2,Alcaudete,23003,http://www.aemet.es/xml/municipios/localidad_23003.xml,XML/id_23003.xml
01,23,004,7,Aldeaquemada,23004,http://www.aemet.es/xml/municipios/localidad_23004.xml,XML/id_23004.xml
01,23,005,0,Andújar,23005,http://www.aemet.es/xml/municipios/localidad_23005.xml,XML/id_23005.xml
01,23,006,3,Arjona,23006,http://www.aemet.es/xml/municipios/localidad_23006.xml,XML/id_23006.xml
01,23,007,9,Arjonilla,23007,http://www.aemet.es/xml/municipios/localidad_23007.xml,XML/id_23007.xml
01,23,008,5,Arquillos,23008,http://www.aemet.es/xml/municipios/localidad_23008.xml,XML/id_23008.xml
01,23,905,1,Arroyo del Ojanco,23905,http://www.aemet.es/xml/municipios/localidad_23905.xml,XML/id_23905.xml
01,23,009,8,Baeza,23009,http://www.aemet.es/xml/municipios/localidad_23009.xml,XML/id_23009.xml
01,23,010,2,Bailén,23010,http://www.aemet.es/xml/municipios/localidad_23010.xml,XML/id_23010.xml
01,23,011,9,Baños de la Encina,23011,http://www.aemet.es/xml/municipios/localidad_23011.xml,XML/id_23011.xml
01,23,012,4,Beas de Segura,23012,http://www.aemet.es/xml/municipios/localidad_23012.xml,XML/id_23012.xml
01,23,902,7,Bedmar y Garcíez,23902,http://www.aemet.es/xml/municipios/localidad_23902.xml,XML/id_23902.xml
01,23,014,5,Begíjar,23014,http://www.aemet.es/xml/municipios/localidad_23014.xml,XML/id_23014.xml
01,23,015,8,Bélmez de la Moraleda,23015,http://www.aemet.es/xml/municipios/localidad_23015.xml,XML/id_23015.xml
01,23,016,1,Benatae,23016,http://www.aemet.es/xml/municipios/localidad_23016.xml,XML/id_23016.xml
01,23,017,7,Cabra del Santo Cristo,23017,http://www.aemet.es/xml/municipios/localidad_23017.xml,XML/id_23017.xml
01,23,018,3,Cambil,23018,http://www.aemet.es/xml/municipios/localidad_23018.xml,XML/id_23018.xml
01,23,019,6,Campillo de Arenas,23019,http://www.aemet.es/xml/municipios/localidad_23019.xml,XML/id_23019.xml
01,23,020,0,Canena,23020,http://www.aemet.es/xml/municipios/localidad_23020.xml,XML/id_23020.xml
01,23,021,7,Carboneros,23021,http://www.aemet.es/xml/municipios/localidad_23021.xml,XML/id_23021.xml
01,23,901,2,Cárcheles,23901,http://www.aemet.es/xml/municipios/localidad_23901.xml,XML/id_23901.xml
01,23,024,3,"Carolina, La",23024,http://www.aemet.es/xml/municipios/localidad_23024.xml,XML/id_23024.xml
01,23,025,6,Castellar,23025,http://www.aemet.es/xml/municipios/localidad_23025.xml,XML/id_23025.xml
01,23,026,9,Castillo de Locubín,23026,http://www.aemet.es/xml/municipios/localidad_23026.xml,XML/id_23026.xml
01,23,027,5,Cazalilla,23027,http://www.aemet.es/xml/municipios/localidad_23027.xml,XML/id_23027.xml
01,23,028,1,Cazorla,23028,http://www.aemet.es/xml/municipios/localidad_23028.xml,XML/id_23028.xml
01,23,029,4,Chiclana de Segura,23029,http://www.aemet.es/xml/municipios/localidad_23029.xml,XML/id_23029.xml
01,23,030,8,Chilluévar,23030,http://www.aemet.es/xml/municipios/localidad_23030.xml,XML/id_23030.xml
01,23,031,5,Escañuela,23031,http://www.aemet.es/xml/municipios/localidad_23031.xml,XML/id_23031.xml
01,23,032,0,Espeluy,23032,http://www.aemet.es/xml/municipios/localidad_23032.xml,XML/id_23032.xml
01,23,033,6,Frailes,23033,http://www.aemet.es/xml/municipios/localidad_23033.xml,XML/id_23033.xml
01,23,034,1,Fuensanta de Martos,23034,http://www.aemet.es/xml/municipios/localidad_23034.xml,XML/id_23034.xml
01,23,035,4,Fuerte del Rey,23035,http://www.aemet.es/xml/municipios/localidad_23035.xml,XML/id_23035.xml
01,23,037,3,Génave,23037,http://www.aemet.es/xml/municipios/localidad_23037.xml,XML/id_23037.xml
01,23,038,9,"Guardia de Jaén, La",23038,http://www.aemet.es/xml/municipios/localidad_23038.xml,XML/id_23038.xml
01,23,039,2,Guarromán,23039,http://www.aemet.es/xml/municipios/localidad_23039.xml,XML/id_23039.xml
01,23,041,3,Higuera de Calatrava,23041,http://www.aemet.es/xml/municipios/localidad_23041.xml,XML/id_23041.xml
01,23,042,8,Hinojares,23042,http://www.aemet.es/xml/municipios/localidad_23042.xml,XML/id_23042.xml
01,23,043,4,Hornos,23043,http://www.aemet.es/xml/municipios/localidad_23043.xml,XML/id_23043.xml
01,23,044,9,Huelma,23044,http://www.aemet.es/xml/municipios/localidad_23044.xml,XML/id_23044.xml
01,23,045,2,Huesa,23045,http://www.aemet.es/xml/municipios/localidad_23045.xml,XML/id_23045.xml
01,23,046,5,Ibros,23046,http://www.aemet.es/xml/municipios/localidad_23046.xml,XML/id_23046.xml
01,23,047,1,"Iruela, La",23047,http://www.aemet.es/xml/municipios/localidad_23047.xml,XML/id_23047.xml
01,23,048,7,Iznatoraf,23048,http://www.aemet.es/xml/municipios/localidad_23048.xml,XML/id_23048.xml
01,23,049,0,Jabalquinto,23049,http://www.aemet.es/xml/municipios/localidad_23049.xml,XML/id_23049.xml
01,23,050,3,Jaén,23050,http://www.aemet.es/xml/municipios/localidad_23050.xml,XML/id_23050.xml
01,23,051,0,Jamilena,23051,http://www.aemet.es/xml/municipios/localidad_23051.xml,XML/id_23051.xml
01,23,052,5,Jimena,23052,http://www.aemet.es/xml/municipios/localidad_23052.xml,XML/id_23052.xml
01,23,053,1,Jódar,23053,http://www.aemet.es/xml/municipios/localidad_23053.xml,XML/id_23053.xml
01,23,040,6,Lahiguera,23040,http://www.aemet.es/xml/municipios/localidad_23040.xml,XML/id_23040.xml
01,23,054,6,Larva,23054,http://www.aemet.es/xml/municipios/localidad_23054.xml,XML/id_23054.xml
01,23,055,9,Linares,23055,http://www.aemet.es/xml/municipios/localidad_23055.xml,XML/id_23055.xml
01,23,056,2,Lopera,23056,http://www.aemet.es/xml/municipios/localidad_23056.xml,XML/id_23056.xml
01,23,057,8,Lupión,23057,http://www.aemet.es/xml/municipios/localidad_23057.xml,XML/id_23057.xml
01,23,058,4,Mancha Real,23058,http://www.aemet.es/xml/municipios/localidad_23058.xml,XML/id_23058.xml
01,23,059,7,Marmolejo,23059,http://www.aemet.es/xml/municipios/localidad_23059.xml,XML/id_23059.xml
01,23,060,1,Martos,23060,http://www.aemet.es/xml/municipios/localidad_23060.xml,XML/id_23060.xml
01,23,061,8,Mengíbar,23061,http://www.aemet.es/xml/municipios/localidad_23061.xml,XML/id_23061.xml
01,23,062,3,Montizón,23062,http://www.aemet.es/xml/municipios/localidad_23062.xml,XML/id_23062.xml
01,23,063,9,Navas de San Juan,23063,http://www.aemet.es/xml/municipios/localidad_23063.xml,XML/id_23063.xml
01,23,064,4,Noalejo,23064,http://www.aemet.es/xml/municipios/localidad_23064.xml,XML/id_23064.xml
01,23,065,7,Orcera,23065,http://www.aemet.es/xml/municipios/localidad_23065.xml,XML/id_23065.xml
01,23,066,0,Peal de Becerro,23066,http://www.aemet.es/xml/municipios/localidad_23066.xml,XML/id_23066.xml
01,23,067,6,Pegalajar,23067,http://www.aemet.es/xml/municipios/localidad_23067.xml,XML/id_23067.xml
01,23,069,5,Porcuna,23069,http://www.aemet.es/xml/municipios/localidad_23069.xml,XML/id_23069.xml
01,23,070,9,Pozo Alcón,23070,http://www.aemet.es/xml/municipios/localidad_23070.xml,XML/id_23070.xml
01,23,071,6,Puente de Génave,23071,http://www.aemet.es/xml/municipios/localidad_23071.xml,XML/id_23071.xml
01,23,072,1,"Puerta de Segura, La",23072,http://www.aemet.es/xml/municipios/localidad_23072.xml,XML/id_23072.xml
01,23,073,7,Quesada,23073,http://www.aemet.es/xml/municipios/localidad_23073.xml,XML/id_23073.xml
01,23,074,2,Rus,23074,http://www.aemet.es/xml/municipios/localidad_23074.xml,XML/id_23074.xml
01,23,075,5,Sabiote,23075,http://www.aemet.es/xml/municipios/localidad_23075.xml,XML/id_23075.xml
01,23,076,8,Santa Elena,23076,http://www.aemet.es/xml/municipios/localidad_23076.xml,XML/id_23076.xml
01,23,077,4,Santiago de Calatrava,23077,http://www.aemet.es/xml/municipios/localidad_23077.xml,XML/id_23077.xml
01,23,904,8,Santiago-Pontones,23904,http://www.aemet.es/xml/municipios/localidad_23904.xml,XML/id_23904.xml
01,23,079,3,Santisteban del Puerto,23079,http://www.aemet.es/xml/municipios/localidad_23079.xml,XML/id_23079.xml
01,23,080,7,Santo Tomé,23080,http://www.aemet.es/xml/municipios/localidad_23080.xml,XML/id_23080.xml
01,23,081,4,Segura de la Sierra,23081,http://www.aemet.es/xml/municipios/localidad_23081.xml,XML/id_23081.xml
01,23,082,9,Siles,23082,http://www.aemet.es/xml/municipios/localidad_23082.xml,XML/id_23082.xml
01,23,084,0,Sorihuela del Guadalimar,23084,http://www.aemet.es/xml/municipios/localidad_23084.xml,XML/id_23084.xml
01,23,085,3,Torreblascopedro,23085,http://www.aemet.es/xml/municipios/localidad_23085.xml,XML/id_23085.xml
01,23,086,6,Torredelcampo,23086,http://www.aemet.es/xml/municipios/localidad_23086.xml,XML/id_23086.xml
01,23,087,2,Torredonjimeno,23087,http://www.aemet.es/xml/municipios/localidad_23087.xml,XML/id_23087.xml
01,23,088,8,Torreperogil,23088,http://www.aemet.es/xml/municipios/localidad_23088.xml,XML/id_23088.xml
01,23,090,5,Torres,23090,http://www.aemet.es/xml/municipios/localidad_23090.xml,XML/id_23090.xml
01,23,091,2,Torres de Albánchez,23091,http://www.aemet.es/xml/municipios/localidad_23091.xml,XML/id_23091.xml
01,23,092,7,Úbeda,23092,http://www.aemet.es/xml/municipios/localidad_23092.xml,XML/id_23092.xml
01,23,093,3,Valdepeñas de Jaén,23093,http://www.aemet.es/xml/municipios/localidad_23093.xml,XML/id_23093.xml
01,23,094,8,Vilches,23094,http://www.aemet.es/xml/municipios/localidad_23094.xml,XML/id_23094.xml
01,23,095,1,Villacarrillo,23095,http://www.aemet.es/xml/municipios/localidad_23095.xml,XML/id_23095.xml
01,23,096,4,Villanueva de la Reina,23096,http://www.aemet.es/xml/municipios/localidad_23096.xml,XML/id_23096.xml
01,23,097,0,Villanueva del Arzobispo,23097,http://www.aemet.es/xml/municipios/localidad_23097.xml,XML/id_23097.xml
01,23,098,6,Villardompardo,23098,http://www.aemet.es/xml/municipios/localidad_23098.xml,XML/id_23098.xml
01,23,099,9,"Villares, Los",23099,http://www.aemet.es/xml/municipios/localidad_23099.xml,XML/id_23099.xml
01,23,101,0,Villarrodrigo,23101,http://www.aemet.es/xml/municipios/localidad_23101.xml,XML/id_23101.xml
01,23,903,3,Villatorres,23903,http://www.aemet.es/xml/municipios/localidad_23903.xml,XML/id_23903.xml
01,29,001,7,Alameda,29001,http://www.aemet.es/xml/municipios/localidad_29001.xml,XML/id_29001.xml
01,29,002,2,Alcaucín,29002,http://www.aemet.es/xml/municipios/localidad_29002.xml,XML/id_29002.xml
01,29,003,8,Alfarnate,29003,http://www.aemet.es/xml/municipios/localidad_29003.xml,XML/id_29003.xml
01,29,004,3,Alfarnatejo,29004,http://www.aemet.es/xml/municipios/localidad_29004.xml,XML/id_29004.xml
01,29,005,6,Algarrobo,29005,http://www.aemet.es/xml/municipios/localidad_29005.xml,XML/id_29005.xml
01,29,006,9,Algatocín,29006,http://www.aemet.es/xml/municipios/localidad_29006.xml,XML/id_29006.xml
01,29,007,5,Alhaurín de la Torre,29007,http://www.aemet.es/xml/municipios/localidad_29007.xml,XML/id_29007.xml
01,29,008,1,Alhaurín el Grande,29008,http://www.aemet.es/xml/municipios/localidad_29008.xml,XML/id_29008.xml
01,29,009,4,Almáchar,29009,http://www.aemet.es/xml/municipios/localidad_29009.xml,XML/id_29009.xml
01,29,010,8,Almargen,29010,http://www.aemet.es/xml/municipios/localidad_29010.xml,XML/id_29010.xml
01,29,011,5,Almogía,29011,http://www.aemet.es/xml/municipios/localidad_29011.xml,XML/id_29011.xml
01,29,012,0,Álora,29012,http://www.aemet.es/xml/municipios/localidad_29012.xml,XML/id_29012.xml
01,29,013,6,Alozaina,29013,http://www.aemet.es/xml/municipios/localidad_29013.xml,XML/id_29013.xml
01,29,014,1,Alpandeire,29014,http://www.aemet.es/xml/municipios/localidad_29014.xml,XML/id_29014.xml
01,29,015,4,Antequera,29015,http://www.aemet.es/xml/municipios/localidad_29015.xml,XML/id_29015.xml
01,29,016,7,Árchez,29016,http://www.aemet.es/xml/municipios/localidad_29016.xml,XML/id_29016.xml
01,29,017,3,Archidona,29017,http://www.aemet.es/xml/municipios/localidad_29017.xml,XML/id_29017.xml
01,29,018,9,Ardales,29018,http://www.aemet.es/xml/municipios/localidad_29018.xml,XML/id_29018.xml
01,29,019,2,Arenas,29019,http://www.aemet.es/xml/municipios/localidad_29019.xml,XML/id_29019.xml
01,29,020,6,Arriate,29020,http://www.aemet.es/xml/municipios/localidad_29020.xml,XML/id_29020.xml
01,29,021,3,Atajate,29021,http://www.aemet.es/xml/municipios/localidad_29021.xml,XML/id_29021.xml
01,29,022,8,Benadalid,29022,http://www.aemet.es/xml/municipios/localidad_29022.xml,XML/id_29022.xml
01,29,023,4,Benahavís,29023,http://www.aemet.es/xml/municipios/localidad_29023.xml,XML/id_29023.xml
01,29,024,9,Benalauría,29024,http://www.aemet.es/xml/municipios/localidad_29024.xml,XML/id_29024.xml
01,29,025,2,Benalmádena,29025,http://www.aemet.es/xml/municipios/localidad_29025.xml,XML/id_29025.xml
01,29,026,5,Benamargosa,29026,http://www.aemet.es/xml/municipios/localidad_29026.xml,XML/id_29026.xml
01,29,027,1,Benamocarra,29027,http://www.aemet.es/xml/municipios/localidad_29027.xml,XML/id_29027.xml
01,29,028,7,Benaoján,29028,http://www.aemet.es/xml/municipios/localidad_29028.xml,XML/id_29028.xml
01,29,029,0,Benarrabá,29029,http://www.aemet.es/xml/municipios/localidad_29029.xml,XML/id_29029.xml
01,29,030,4,"Borge, El",29030,http://www.aemet.es/xml/municipios/localidad_29030.xml,XML/id_29030.xml
01,29,031,1,"Burgo, El",29031,http://www.aemet.es/xml/municipios/localidad_29031.xml,XML/id_29031.xml
01,29,032,6,Campillos,29032,http://www.aemet.es/xml/municipios/localidad_29032.xml,XML/id_29032.xml
01,29,033,2,Canillas de Aceituno,29033,http://www.aemet.es/xml/municipios/localidad_29033.xml,XML/id_29033.xml
01,29,034,7,Canillas de Albaida,29034,http://www.aemet.es/xml/municipios/localidad_29034.xml,XML/id_29034.xml
01,29,035,0,Cañete la Real,29035,http://www.aemet.es/xml/municipios/localidad_29035.xml,XML/id_29035.xml
01,29,036,3,Carratraca,29036,http://www.aemet.es/xml/municipios/localidad_29036.xml,XML/id_29036.xml
01,29,037,9,Cartajima,29037,http://www.aemet.es/xml/municipios/localidad_29037.xml,XML/id_29037.xml
01,29,038,5,Cártama,29038,http://www.aemet.es/xml/municipios/localidad_29038.xml,XML/id_29038.xml
01,29,039,8,Casabermeja,29039,http://www.aemet.es/xml/municipios/localidad_29039.xml,XML/id_29039.xml
01,29,040,2,Casarabonela,29040,http://www.aemet.es/xml/municipios/localidad_29040.xml,XML/id_29040.xml
01,29,041,9,Casares,29041,http://www.aemet.es/xml/municipios/localidad_29041.xml,XML/id_29041.xml
01,29,042,4,Coín,29042,http://www.aemet.es/xml/municipios/localidad_29042.xml,XML/id_29042.xml
01,29,043,0,Colmenar,29043,http://www.aemet.es/xml/municipios/localidad_29043.xml,XML/id_29043.xml
01,29,044,5,Comares,29044,http://www.aemet.es/xml/municipios/localidad_29044.xml,XML/id_29044.xml
01,29,045,8,Cómpeta,29045,http://www.aemet.es/xml/municipios/localidad_29045.xml,XML/id_29045.xml
01,29,046,1,Cortes de la Frontera,29046,http://www.aemet.es/xml/municipios/localidad_29046.xml,XML/id_29046.xml
01,29,047,7,Cuevas Bajas,29047,http://www.aemet.es/xml/municipios/localidad_29047.xml,XML/id_29047.xml
01,29,049,6,Cuevas de San Marcos,29049,http://www.aemet.es/xml/municipios/localidad_29049.xml,XML/id_29049.xml
01,29,048,3,Cuevas del Becerro,29048,http://www.aemet.es/xml/municipios/localidad_29048.xml,XML/id_29048.xml
01,29,050,9,Cútar,29050,http://www.aemet.es/xml/municipios/localidad_29050.xml,XML/id_29050.xml
01,29,051,6,Estepona,29051,http://www.aemet.es/xml/municipios/localidad_29051.xml,XML/id_29051.xml
01,29,052,1,Faraján,29052,http://www.aemet.es/xml/municipios/localidad_29052.xml,XML/id_29052.xml
01,29,053,7,Frigiliana,29053,http://www.aemet.es/xml/municipios/localidad_29053.xml,XML/id_29053.xml
01,29,054,2,Fuengirola,29054,http://www.aemet.es/xml/municipios/localidad_29054.xml,XML/id_29054.xml
01,29,055,5,Fuente de Piedra,29055,http://www.aemet.es/xml/municipios/localidad_29055.xml,XML/id_29055.xml
01,29,056,8,Gaucín,29056,http://www.aemet.es/xml/municipios/localidad_29056.xml,XML/id_29056.xml
01,29,057,4,Genalguacil,29057,http://www.aemet.es/xml/municipios/localidad_29057.xml,XML/id_29057.xml
01,29,058,0,Guaro,29058,http://www.aemet.es/xml/municipios/localidad_29058.xml,XML/id_29058.xml
01,29,059,3,Humilladero,29059,http://www.aemet.es/xml/municipios/localidad_29059.xml,XML/id_29059.xml
01,29,060,7,Igualeja,29060,http://www.aemet.es/xml/municipios/localidad_29060.xml,XML/id_29060.xml
01,29,061,4,Istán,29061,http://www.aemet.es/xml/municipios/localidad_29061.xml,XML/id_29061.xml
01,29,062,9,Iznate,29062,http://www.aemet.es/xml/municipios/localidad_29062.xml,XML/id_29062.xml
01,29,063,5,Jimera de Líbar,29063,http://www.aemet.es/xml/municipios/localidad_29063.xml,XML/id_29063.xml
01,29,064,0,Jubrique,29064,http://www.aemet.es/xml/municipios/localidad_29064.xml,XML/id_29064.xml
01,29,065,3,Júzcar,29065,http://www.aemet.es/xml/municipios/localidad_29065.xml,XML/id_29065.xml
01,29,066,6,Macharaviaya,29066,http://www.aemet.es/xml/municipios/localidad_29066.xml,XML/id_29066.xml
01,29,067,2,Málaga,29067,http://www.aemet.es/xml/municipios/localidad_29067.xml,XML/id_29067.xml
01,29,068,8,Manilva,29068,http://www.aemet.es/xml/municipios/localidad_29068.xml,XML/id_29068.xml
01,29,069,1,Marbella,29069,http://www.aemet.es/xml/municipios/localidad_29069.xml,XML/id_29069.xml
01,29,070,5,Mijas,29070,http://www.aemet.es/xml/municipios/localidad_29070.xml,XML/id_29070.xml
01,29,071,2,Moclinejo,29071,http://www.aemet.es/xml/municipios/localidad_29071.xml,XML/id_29071.xml
01,29,072,7,Mollina,29072,http://www.aemet.es/xml/municipios/localidad_29072.xml,XML/id_29072.xml
01,29,073,3,Monda,29073,http://www.aemet.es/xml/municipios/localidad_29073.xml,XML/id_29073.xml
01,29,903,9,Montecorto,29903,http://www.aemet.es/xml/municipios/localidad_29903.xml,XML/id_29903.xml
01,29,074,8,Montejaque,29074,http://www.aemet.es/xml/municipios/localidad_29074.xml,XML/id_29074.xml
01,29,075,1,Nerja,29075,http://www.aemet.es/xml/municipios/localidad_29075.xml,XML/id_29075.xml
01,29,076,4,Ojén,29076,http://www.aemet.es/xml/municipios/localidad_29076.xml,XML/id_29076.xml
01,29,077,0,Parauta,29077,http://www.aemet.es/xml/municipios/localidad_29077.xml,XML/id_29077.xml
01,29,079,9,Periana,29079,http://www.aemet.es/xml/municipios/localidad_29079.xml,XML/id_29079.xml
01,29,080,3,Pizarra,29080,http://www.aemet.es/xml/municipios/localidad_29080.xml,XML/id_29080.xml
01,29,081,0,Pujerra,29081,http://www.aemet.es/xml/municipios/localidad_29081.xml,XML/id_29081.xml
01,29,082,5,Rincón de la Victoria,29082,http://www.aemet.es/xml/municipios/localidad_29082.xml,XML/id_29082.xml
01,29,083,1,Riogordo,29083,http://www.aemet.es/xml/municipios/localidad_29083.xml,XML/id_29083.xml
01,29,084,6,Ronda,29084,http://www.aemet.es/xml/municipios/localidad_29084.xml,XML/id_29084.xml
01,29,085,9,Salares,29085,http://www.aemet.es/xml/municipios/localidad_29085.xml,XML/id_29085.xml
01,29,086,2,Sayalonga,29086,http://www.aemet.es/xml/municipios/localidad_29086.xml,XML/id_29086.xml
01,29,087,8,Sedella,29087,http://www.aemet.es/xml/municipios/localidad_29087.xml,XML/id_29087.xml
01,29,904,4,Serrato,29904,http://www.aemet.es/xml/municipios/localidad_29904.xml,XML/id_29904.xml
01,29,088,4,Sierra de Yeguas,29088,http://www.aemet.es/xml/municipios/localidad_29088.xml,XML/id_29088.xml
01,29,089,7,Teba,29089,http://www.aemet.es/xml/municipios/localidad_29089.xml,XML/id_29089.xml
01,29,090,1,Tolox,29090,http://www.aemet.es/xml/municipios/localidad_29090.xml,XML/id_29090.xml
01,29,901,8,Torremolinos,29901,http://www.aemet.es/xml/municipios/localidad_29901.xml,XML/id_29901.xml
01,29,091,8,Torrox,29091,http://www.aemet.es/xml/municipios/localidad_29091.xml,XML/id_29091.xml
01,29,092,3,Totalán,29092,http://www.aemet.es/xml/municipios/localidad_29092.xml,XML/id_29092.xml
01,29,093,9,Valle de Abdalajís,29093,http://www.aemet.es/xml/municipios/localidad_29093.xml,XML/id_29093.xml
01,29,094,4,Vélez-Málaga,29094,http://www.aemet.es/xml/municipios/localidad_29094.xml,XML/id_29094.xml
01,29,095,7,Villanueva de Algaidas,29095,http://www.aemet.es/xml/municipios/localidad_29095.xml,XML/id_29095.xml
01,29,902,3,Villanueva de la Concepción,29902,http://www.aemet.es/xml/municipios/localidad_29902.xml,XML/id_29902.xml
01,29,098,2,Villanueva de Tapia,29098,http://www.aemet.es/xml/municipios/localidad_29098.xml,XML/id_29098.xml
01,29,096,0,Villanueva del Rosario,29096,http://www.aemet.es/xml/municipios/localidad_29096.xml,XML/id_29096.xml
01,29,097,6,Villanueva del Trabuco,29097,http://www.aemet.es/xml/municipios/localidad_29097.xml,XML/id_29097.xml
01,29,099,5,Viñuela,29099,http://www.aemet.es/xml/municipios/localidad_29099.xml,XML/id_29099.xml
01,29,100,9,Yunquera,29100,http://www.aemet.es/xml/municipios/localidad_29100.xml,XML/id_29100.xml
01,41,001,6,Aguadulce,41001,http://www.aemet.es/xml/municipios/localidad_41001.xml,XML/id_41001.xml
01,41,002,1,Alanís,41002,http://www.aemet.es/xml/municipios/localidad_41002.xml,XML/id_41002.xml
01,41,003,7,Albaida del Aljarafe,41003,http://www.aemet.es/xml/municipios/localidad_41003.xml,XML/id_41003.xml
01,41,004,2,Alcalá de Guadaíra,41004,http://www.aemet.es/xml/municipios/localidad_41004.xml,XML/id_41004.xml
01,41,005,5,Alcalá del Río,41005,http://www.aemet.es/xml/municipios/localidad_41005.xml,XML/id_41005.xml
01,41,006,8,Alcolea del Río,41006,http://www.aemet.es/xml/municipios/localidad_41006.xml,XML/id_41006.xml
01,41,007,4,"Algaba, La",41007,http://www.aemet.es/xml/municipios/localidad_41007.xml,XML/id_41007.xml
01,41,008,0,Algámitas,41008,http://www.aemet.es/xml/municipios/localidad_41008.xml,XML/id_41008.xml
01,41,009,3,Almadén de la Plata,41009,http://www.aemet.es/xml/municipios/localidad_41009.xml,XML/id_41009.xml
01,41,010,7,Almensilla,41010,http://www.aemet.es/xml/municipios/localidad_41010.xml,XML/id_41010.xml
01,41,011,4,Arahal,41011,http://www.aemet.es/xml/municipios/localidad_41011.xml,XML/id_41011.xml
01,41,012,9,Aznalcázar,41012,http://www.aemet.es/xml/municipios/localidad_41012.xml,XML/id_41012.xml
01,41,013,5,Aznalcóllar,41013,http://www.aemet.es/xml/municipios/localidad_41013.xml,XML/id_41013.xml
01,41,014,0,Badolatosa,41014,http://www.aemet.es/xml/municipios/localidad_41014.xml,XML/id_41014.xml
01,41,015,3,Benacazón,41015,http://www.aemet.es/xml/municipios/localidad_41015.xml,XML/id_41015.xml
01,41,016,6,Bollullos de la Mitación,41016,http://www.aemet.es/xml/municipios/localidad_41016.xml,XML/id_41016.xml
01,41,017,2,Bormujos,41017,http://www.aemet.es/xml/municipios/localidad_41017.xml,XML/id_41017.xml
01,41,018,8,Brenes,41018,http://www.aemet.es/xml/municipios/localidad_41018.xml,XML/id_41018.xml
01,41,019,1,Burguillos,41019,http://www.aemet.es/xml/municipios/localidad_41019.xml,XML/id_41019.xml
01,41,020,5,"Cabezas de San Juan, Las",41020,http://www.aemet.es/xml/municipios/localidad_41020.xml,XML/id_41020.xml
01,41,021,2,Camas,41021,http://www.aemet.es/xml/municipios/localidad_41021.xml,XML/id_41021.xml
01,41,022,7,"Campana, La",41022,http://www.aemet.es/xml/municipios/localidad_41022.xml,XML/id_41022.xml
01,41,023,3,Cantillana,41023,http://www.aemet.es/xml/municipios/localidad_41023.xml,XML/id_41023.xml
01,41,901,7,Cañada Rosal,41901,http://www.aemet.es/xml/municipios/localidad_41901.xml,XML/id_41901.xml
01,41,024,8,Carmona,41024,http://www.aemet.es/xml/municipios/localidad_41024.xml,XML/id_41024.xml
01,41,025,1,Carrión de los Céspedes,41025,http://www.aemet.es/xml/municipios/localidad_41025.xml,XML/id_41025.xml
01,41,026,4,Casariche,41026,http://www.aemet.es/xml/municipios/localidad_41026.xml,XML/id_41026.xml
01,41,027,0,Castilblanco de los Arroyos,41027,http://www.aemet.es/xml/municipios/localidad_41027.xml,XML/id_41027.xml
01,41,028,6,Castilleja de Guzmán,41028,http://www.aemet.es/xml/municipios/localidad_41028.xml,XML/id_41028.xml
01,41,029,9,Castilleja de la Cuesta,41029,http://www.aemet.es/xml/municipios/localidad_41029.xml,XML/id_41029.xml
01,41,030,3,Castilleja del Campo,41030,http://www.aemet.es/xml/municipios/localidad_41030.xml,XML/id_41030.xml
01,41,031,0,"Castillo de las Guardas, El",41031,http://www.aemet.es/xml/municipios/localidad_41031.xml,XML/id_41031.xml
01,41,032,5,Cazalla de la Sierra,41032,http://www.aemet.es/xml/municipios/localidad_41032.xml,XML/id_41032.xml
01,41,033,1,Constantina,41033,http://www.aemet.es/xml/municipios/localidad_41033.xml,XML/id_41033.xml
01,41,034,6,Coria del Río,41034,http://www.aemet.es/xml/municipios/localidad_41034.xml,XML/id_41034.xml
01,41,035,9,Coripe,41035,http://www.aemet.es/xml/municipios/localidad_41035.xml,XML/id_41035.xml
01,41,036,2,"Coronil, El",41036,http://www.aemet.es/xml/municipios/localidad_41036.xml,XML/id_41036.xml
01,41,037,8,"Corrales, Los",41037,http://www.aemet.es/xml/municipios/localidad_41037.xml,XML/id_41037.xml
01,41,903,8,"Cuervo de Sevilla, El",41903,http://www.aemet.es/xml/municipios/localidad_41903.xml,XML/id_41903.xml
01,41,038,4,Dos Hermanas,41038,http://www.aemet.es/xml/municipios/localidad_41038.xml,XML/id_41038.xml
01,41,039,7,Écija,41039,http://www.aemet.es/xml/municipios/localidad_41039.xml,XML/id_41039.xml
01,41,040,1,Espartinas,41040,http://www.aemet.es/xml/municipios/localidad_41040.xml,XML/id_41040.xml
01,41,041,8,Estepa,41041,http://www.aemet.es/xml/municipios/localidad_41041.xml,XML/id_41041.xml
01,41,042,3,Fuentes de Andalucía,41042,http://www.aemet.es/xml/municipios/localidad_41042.xml,XML/id_41042.xml
01,41,043,9,"Garrobo, El",41043,http://www.aemet.es/xml/municipios/localidad_41043.xml,XML/id_41043.xml
01,41,044,4,Gelves,41044,http://www.aemet.es/xml/municipios/localidad_41044.xml,XML/id_41044.xml
01,41,045,7,Gerena,41045,http://www.aemet.es/xml/municipios/localidad_41045.xml,XML/id_41045.xml
01,41,046,0,Gilena,41046,http://www.aemet.es/xml/municipios/localidad_41046.xml,XML/id_41046.xml
01,41,047,6,Gines,41047,http://www.aemet.es/xml/municipios/localidad_41047.xml,XML/id_41047.xml
01,41,048,2,Guadalcanal,41048,http://www.aemet.es/xml/municipios/localidad_41048.xml,XML/id_41048.xml
01,41,049,5,Guillena,41049,http://www.aemet.es/xml/municipios/localidad_41049.xml,XML/id_41049.xml
01,41,050,8,Herrera,41050,http://www.aemet.es/xml/municipios/localidad_41050.xml,XML/id_41050.xml
01,41,051,5,Huévar del Aljarafe,41051,http://www.aemet.es/xml/municipios/localidad_41051.xml,XML/id_41051.xml
01,41,902,2,Isla Mayor,41902,http://www.aemet.es/xml/municipios/localidad_41902.xml,XML/id_41902.xml
01,41,052,0,Lantejuela,41052,http://www.aemet.es/xml/municipios/localidad_41052.xml,XML/id_41052.xml
01,41,053,6,Lebrija,41053,http://www.aemet.es/xml/municipios/localidad_41053.xml,XML/id_41053.xml
01,41,054,1,Lora de Estepa,41054,http://www.aemet.es/xml/municipios/localidad_41054.xml,XML/id_41054.xml
01,41,055,4,Lora del Río,41055,http://www.aemet.es/xml/municipios/localidad_41055.xml,XML/id_41055.xml
01,41,056,7,"Luisiana, La",41056,http://www.aemet.es/xml/municipios/localidad_41056.xml,XML/id_41056.xml
01,41,057,3,"Madroño, El",41057,http://www.aemet.es/xml/municipios/localidad_41057.xml,XML/id_41057.xml
01,41,058,9,Mairena del Alcor,41058,http://www.aemet.es/xml/municipios/localidad_41058.xml,XML/id_41058.xml
01,41,059,2,Mairena del Aljarafe,41059,http://www.aemet.es/xml/municipios/localidad_41059.xml,XML/id_41059.xml
01,41,060,6,Marchena,41060,http://www.aemet.es/xml/municipios/localidad_41060.xml,XML/id_41060.xml
01,41,061,3,Marinaleda,41061,http://www.aemet.es/xml/municipios/localidad_41061.xml,XML/id_41061.xml
01,41,062,8,Martín de la Jara,41062,http://www.aemet.es/xml/municipios/localidad_41062.xml,XML/id_41062.xml
01,41,063,4,"Molares, Los",41063,http://www.aemet.es/xml/municipios/localidad_41063.xml,XML/id_41063.xml
01,41,064,9,Montellano,41064,http://www.aemet.es/xml/municipios/localidad_41064.xml,XML/id_41064.xml
01,41,065,2,Morón de la Frontera,41065,http://www.aemet.es/xml/municipios/localidad_41065.xml,XML/id_41065.xml
01,41,066,5,"Navas de la Concepción, Las",41066,http://www.aemet.es/xml/municipios/localidad_41066.xml,XML/id_41066.xml
01,41,067,1,Olivares,41067,http://www.aemet.es/xml/municipios/localidad_41067.xml,XML/id_41067.xml
01,41,068,7,Osuna,41068,http://www.aemet.es/xml/municipios/localidad_41068.xml,XML/id_41068.xml
01,41,069,0,"Palacios y Villafranca, Los",41069,http://www.aemet.es/xml/municipios/localidad_41069.xml,XML/id_41069.xml
01,41,070,4,Palomares del Río,41070,http://www.aemet.es/xml/municipios/localidad_41070.xml,XML/id_41070.xml
01,41,071,1,Paradas,41071,http://www.aemet.es/xml/municipios/localidad_41071.xml,XML/id_41071.xml
01,41,072,6,Pedrera,41072,http://www.aemet.es/xml/municipios/localidad_41072.xml,XML/id_41072.xml
01,41,073,2,"Pedroso, El",41073,http://www.aemet.es/xml/municipios/localidad_41073.xml,XML/id_41073.xml
01,41,074,7,Peñaflor,41074,http://www.aemet.es/xml/municipios/localidad_41074.xml,XML/id_41074.xml
01,41,075,0,Pilas,41075,http://www.aemet.es/xml/municipios/localidad_41075.xml,XML/id_41075.xml
01,41,076,3,Pruna,41076,http://www.aemet.es/xml/municipios/localidad_41076.xml,XML/id_41076.xml
01,41,077,9,"Puebla de Cazalla, La",41077,http://www.aemet.es/xml/municipios/localidad_41077.xml,XML/id_41077.xml
01,41,078,5,"Puebla de los Infantes, La",41078,http://www.aemet.es/xml/municipios/localidad_41078.xml,XML/id_41078.xml
01,41,079,8,"Puebla del Río, La",41079,http://www.aemet.es/xml/municipios/localidad_41079.xml,XML/id_41079.xml
01,41,080,2,"Real de la Jara, El",41080,http://www.aemet.es/xml/municipios/localidad_41080.xml,XML/id_41080.xml
01,41,081,9,"Rinconada, La",41081,http://www.aemet.es/xml/municipios/localidad_41081.xml,XML/id_41081.xml
01,41,082,4,"Roda de Andalucía, La",41082,http://www.aemet.es/xml/municipios/localidad_41082.xml,XML/id_41082.xml
01,41,083,0,"Ronquillo, El",41083,http://www.aemet.es/xml/municipios/localidad_41083.xml,XML/id_41083.xml
01,41,084,5,"Rubio, El",41084,http://www.aemet.es/xml/municipios/localidad_41084.xml,XML/id_41084.xml
01,41,085,8,Salteras,41085,http://www.aemet.es/xml/municipios/localidad_41085.xml,XML/id_41085.xml
01,41,086,1,San Juan de Aznalfarache,41086,http://www.aemet.es/xml/municipios/localidad_41086.xml,XML/id_41086.xml
01,41,088,3,San Nicolás del Puerto,41088,http://www.aemet.es/xml/municipios/localidad_41088.xml,XML/id_41088.xml
01,41,087,7,Sanlúcar la Mayor,41087,http://www.aemet.es/xml/municipios/localidad_41087.xml,XML/id_41087.xml
01,41,089,6,Santiponce,41089,http://www.aemet.es/xml/municipios/localidad_41089.xml,XML/id_41089.xml
01,41,090,0,"Saucejo, El",41090,http://www.aemet.es/xml/municipios/localidad_41090.xml,XML/id_41090.xml
01,41,091,7,Sevilla,41091,http://www.aemet.es/xml/municipios/localidad_41091.xml,XML/id_41091.xml
01,41,092,2,Tocina,41092,http://www.aemet.es/xml/municipios/localidad_41092.xml,XML/id_41092.xml
01,41,093,8,Tomares,41093,http://www.aemet.es/xml/municipios/localidad_41093.xml,XML/id_41093.xml
01,41,094,3,Umbrete,41094,http://www.aemet.es/xml/municipios/localidad_41094.xml,XML/id_41094.xml
01,41,095,6,Utrera,41095,http://www.aemet.es/xml/municipios/localidad_41095.xml,XML/id_41095.xml
01,41,096,9,Valencina de la Concepción,41096,http://www.aemet.es/xml/municipios/localidad_41096.xml,XML/id_41096.xml
01,41,097,5,Villamanrique de la Condesa,41097,http://www.aemet.es/xml/municipios/localidad_41097.xml,XML/id_41097.xml
01,41,100,8,Villanueva de San Juan,41100,http://www.aemet.es/xml/municipios/localidad_41100.xml,XML/id_41100.xml
01,41,098,1,Villanueva del Ariscal,41098,http://www.aemet.es/xml/municipios/localidad_41098.xml,XML/id_41098.xml
01,41,099,4,Villanueva del Río y Minas,41099,http://www.aemet.es/xml/municipios/localidad_41099.xml,XML/id_41099.xml
01,41,101,5,Villaverde del Río,41101,http://www.aemet.es/xml/municipios/localidad_41101.xml,XML/id_41101.xml
01,41,102,0,"Viso del Alcor, El",41102,http://www.aemet.es/xml/municipios/localidad_41102.xml,XML/id_41102.xml
