<?xml version="1.0"?>
<!--<!DOCTYPE metadata SYSTEM "http://www.esri.com/metadata/esriprof80.dtd">-->
<metadata xml:lang="es"><Esri><CreaDate>20110209</CreaDate><CreaTime>10525600</CreaTime><SyncOnce>FALSE</SyncOnce><MetaID>{273836E5-6383-4AA0-835D-FF668A237DDE}</MetaID><DataProperties><lineage><Process ToolSource="C:\Archivos de programa\ArcGIS\ArcToolbox\Toolboxes\Data Management Tools.tbx\DefineProjection" Date="20110214" Time="151634">DefineProjection M:\606825\eTrabajo\REPOSITORIO\VBLES_FISIO\x100 PROJCS['ED_1950_UTM_Zone_30N',GEOGCS['GCS_European_1950',DATUM['D_European_1950',SPHEROID['International_1924',6378388.0,297.0]],PRIMEM['Greenwich',0.0],UNIT['Degree',0.0174532925199433]],PROJECTION['Transverse_Mercator'],PARAMETER['False_Easting',500000.0],PARAMETER['False_Northing',0.0],PARAMETER['Central_Meridian',-3.0],PARAMETER['Scale_Factor',0.9996],PARAMETER['Latitude_Of_Origin',0.0],UNIT['Meter',1.0]] M:\606825\eTrabajo\REPOSITORIO\VBLES_FISIO\x100</Process><Process ToolSource="C:\Archivos de programa\ArcGIS\ArcToolbox\Toolboxes\Data Management Tools.tbx\ProjectRaster" Date="20110214" Time="152155">ProjectRaster M:\606825\eTrabajo\REPOSITORIO\VBLES_FISIO\x100 M:\606825\eTrabajo\REPOSITORIO\VBLES_FISIO\x100.tif PROJCS['ETRS_1989_UTM_Zone_30N',GEOGCS['GCS_ETRS_1989',DATUM['D_ETRS_1989',SPHEROID['GRS_1980',6378137.0,298.257222101]],PRIMEM['Greenwich',0.0],UNIT['Degree',0.0174532925199433]],PROJECTION['Transverse_Mercator'],PARAMETER['False_Easting',500000.0],PARAMETER['False_Northing',0.0],PARAMETER['Central_Meridian',-3.0],PARAMETER['Scale_Factor',0.9996],PARAMETER['Latitude_Of_Origin',0.0],UNIT['Meter',1.0]] NEAREST 100 ED_1950_To_ETRS_1989_12_NTv2_Spain_v2 # PROJCS['ED_1950_UTM_Zone_30N',GEOGCS['GCS_European_1950',DATUM['D_European_1950',SPHEROID['International_1924',6378388.0,297.0]],PRIMEM['Greenwich',0.0],UNIT['Degree',0.0174532925199433]],PROJECTION['Transverse_Mercator'],PARAMETER['False_Easting',500000.0],PARAMETER['False_Northing',0.0],PARAMETER['Central_Meridian',-3.0],PARAMETER['Scale_Factor',0.9996],PARAMETER['Latitude_Of_Origin',0.0],UNIT['Meter',1.0]]</Process></lineage><itemProps><itemName Sync="TRUE">x500.tif</itemName><itemLocation><linkage Sync="TRUE">file://M:\606825\eTrabajo_Mariano\REPOSITORIO\VBLES_FISIO\x500.tif</linkage><protocol Sync="TRUE">Local Area Network</protocol></itemLocation><imsContentType Sync="TRUE">002</imsContentType><nativeExtBox><westBL Sync="TRUE">98588.432610</westBL><eastBL Sync="TRUE">631088.432610</eastBL><southBL Sync="TRUE">3986995.166928</southBL><northBL Sync="TRUE">4300495.166928</northBL><exTypeCode Sync="TRUE">1</exTypeCode></nativeExtBox></itemProps><coordRef><type Sync="TRUE">Projected</type><geogcsn Sync="TRUE">GCS_ETRS_1989</geogcsn><csUnits Sync="TRUE">Linear Unit: Meter (1.000000)</csUnits><projcsn Sync="TRUE">ETRS_1989_UTM_Zone_30N</projcsn><peXml Sync="TRUE">&lt;ProjectedCoordinateSystem xsi:type='typens:ProjectedCoordinateSystem' xmlns:xsi='http://www.w3.org/2001/XMLSchema-instance' xmlns:xs='http://www.w3.org/2001/XMLSchema' xmlns:typens='http://www.esri.com/schemas/ArcGIS/10.4'&gt;&lt;WKT&gt;PROJCS[&amp;quot;ETRS_1989_UTM_Zone_30N&amp;quot;,GEOGCS[&amp;quot;GCS_ETRS_1989&amp;quot;,DATUM[&amp;quot;D_ETRS_1989&amp;quot;,SPHEROID[&amp;quot;GRS_1980&amp;quot;,6378137.0,298.257222101]],PRIMEM[&amp;quot;Greenwich&amp;quot;,0.0],UNIT[&amp;quot;Degree&amp;quot;,0.0174532925199433]],PROJECTION[&amp;quot;Transverse_Mercator&amp;quot;],PARAMETER[&amp;quot;False_Easting&amp;quot;,500000.0],PARAMETER[&amp;quot;False_Northing&amp;quot;,0.0],PARAMETER[&amp;quot;Central_Meridian&amp;quot;,-3.0],PARAMETER[&amp;quot;Scale_Factor&amp;quot;,0.9996],PARAMETER[&amp;quot;Latitude_Of_Origin&amp;quot;,0.0],UNIT[&amp;quot;Meter&amp;quot;,1.0],AUTHORITY[&amp;quot;EPSG&amp;quot;,25830]]&lt;/WKT&gt;&lt;XOrigin&gt;-5120900&lt;/XOrigin&gt;&lt;YOrigin&gt;-9998100&lt;/YOrigin&gt;&lt;XYScale&gt;450445547.3910538&lt;/XYScale&gt;&lt;ZOrigin&gt;-100000&lt;/ZOrigin&gt;&lt;ZScale&gt;10000&lt;/ZScale&gt;&lt;MOrigin&gt;-100000&lt;/MOrigin&gt;&lt;MScale&gt;10000&lt;/MScale&gt;&lt;XYTolerance&gt;0.001&lt;/XYTolerance&gt;&lt;ZTolerance&gt;0.001&lt;/ZTolerance&gt;&lt;MTolerance&gt;0.001&lt;/MTolerance&gt;&lt;HighPrecision&gt;true&lt;/HighPrecision&gt;&lt;WKID&gt;25830&lt;/WKID&gt;&lt;LatestWKID&gt;25830&lt;/LatestWKID&gt;&lt;/ProjectedCoordinateSystem&gt;</peXml></coordRef><RasterProperties><General><PixelDepth Sync="TRUE">32</PixelDepth><HasColormap Sync="TRUE">FALSE</HasColormap><CompressionType Sync="TRUE">LZW</CompressionType><NumBands Sync="TRUE">1</NumBands><Format Sync="TRUE">TIFF</Format><HasPyramids Sync="TRUE">TRUE</HasPyramids><SourceType Sync="TRUE">continuous</SourceType><PixelType Sync="TRUE">floating point</PixelType><NoDataValue Sync="TRUE">-3.4028235e+038</NoDataValue></General></RasterProperties></DataProperties><SyncDate>20190705</SyncDate><SyncTime>14180600</SyncTime><ModDate>20190705</ModDate><ModTime>14180600</ModTime></Esri><idinfo><citation><citeinfo><onlink Sync="TRUE">\\wsgeo\Informacion Geografica\606825\eTrabajo\REPOSITORIO\VBLES_FISIO\x100.tif</onlink><origin>REQUIRED: The name of an organization or individual that developed the data set.</origin><pubdate>REQUIRED: The date when the data set is published or otherwise made available for release.</pubdate><title Sync="TRUE">x100.tif</title><ftname Sync="TRUE">x100.tif</ftname><geoform Sync="TRUE">remote-sensing image</geoform></citeinfo></citation><native Sync="TRUE">Microsoft Windows XP Version 5.1 (Build 2600) Service Pack 3; ESRI ArcCatalog 9.3.1.4000</native><descript><langdata Sync="TRUE">es</langdata><abstract>REQUIRED: A brief narrative summary of the data set.</abstract><purpose>REQUIRED: A summary of the intentions with which the data set was developed.</purpose></descript><timeperd><current>REQUIRED: The basis on which the time period of content information is determined.</current><timeinfo><sngdate><caldate>REQUIRED: The year (and optionally month, or month and day) for which the data set corresponds to the ground.</caldate></sngdate></timeinfo></timeperd><status><progress>REQUIRED: The state of the data set.</progress><update>REQUIRED: The frequency with which changes and additions are made to the data set after the initial data set is completed.</update></status><spdom><bounding><westbc Sync="TRUE">-7.619143</westbc><eastbc Sync="TRUE">-1.490644</eastbc><northbc Sync="TRUE">38.853280</northbc><southbc Sync="TRUE">35.945784</southbc></bounding><lboundng><leftbc Sync="TRUE">98588.432610</leftbc><rightbc Sync="TRUE">630988.432610</rightbc><bottombc Sync="TRUE">3987095.166928</bottombc><topbc Sync="TRUE">4300495.166928</topbc></lboundng></spdom><keywords><theme><themekt>REQUIRED: Reference to a formally registered thesaurus or a similar authoritative source of theme keywords.</themekt><themekey>REQUIRED: Common-use word or phrase used to describe the subject of the data set.</themekey></theme></keywords><accconst>REQUIRED: Restrictions and legal prerequisites for accessing the data set.</accconst><useconst>REQUIRED: Restrictions and legal prerequisites for using the data set after access is granted.</useconst><natvform Sync="TRUE">Raster Dataset</natvform></idinfo><distInfo><distributor><distorTran><onLineSrc><linkage Sync="TRUE">file://\\wsgeo\Informacion Geografica\606825\eTrabajo\REPOSITORIO\VBLES_FISIO\x100.tif</linkage><protocol Sync="TRUE">Local Area Network</protocol><orDesc Sync="TRUE">002</orDesc></onLineSrc><transSize Sync="TRUE">0,000</transSize></distorTran><distorFormat><formatName Sync="TRUE">Raster Dataset</formatName></distorFormat></distributor><distFormat><formatName Sync="TRUE">Raster Dataset</formatName></distFormat></distInfo><dataqual><lineage><procstep><procdesc Sync="TRUE">Dataset copied.</procdesc><srcused Sync="TRUE">\\mcorzo\Banco_de_datos\Coberturas\Referencias\vblesfisio100\x100</srcused><procdate Sync="TRUE">20110209</procdate><proctime Sync="TRUE">10525600</proctime></procstep></lineage></dataqual><dataIdInfo><envirDesc Sync="TRUE">Microsoft Windows 7 Version 6.1 (Build 7601) Service Pack 1; Esri ArcGIS 10.4.1.5686</envirDesc><dataLang><languageCode Sync="TRUE" value="spa"></languageCode><countryCode value="ESP" Sync="TRUE"></countryCode></dataLang><idCitation><resTitle Sync="TRUE">x500.tif</resTitle><presForm><PresFormCd Sync="TRUE" value="005"></PresFormCd></presForm></idCitation><spatRpType><SpatRepTypCd Sync="TRUE" value="002"></SpatRepTypCd></spatRpType><dataExt><geoEle><GeoBndBox esriExtentType="native"><westBL Sync="TRUE">98588.43261</westBL><eastBL Sync="TRUE">630988.43261</eastBL><northBL Sync="TRUE">4300495.166928</northBL><southBL Sync="TRUE">3987095.166928</southBL><exTypeCode Sync="TRUE">1</exTypeCode></GeoBndBox></geoEle></dataExt><geoBox esriExtentType="decdegrees"><westBL Sync="TRUE">-7.619143</westBL><eastBL Sync="TRUE">-1.490644</eastBL><northBL Sync="TRUE">38.85328</northBL><southBL Sync="TRUE">35.945784</southBL><exTypeCode Sync="TRUE">1</exTypeCode></geoBox><dataExt><geoEle><GeoBndBox esriExtentType="search"><exTypeCode Sync="TRUE">1</exTypeCode><westBL Sync="TRUE">-7.619143</westBL><eastBL Sync="TRUE">-1.489492</eastBL><northBL Sync="TRUE">38.853280</northBL><southBL Sync="TRUE">35.944885</southBL></GeoBndBox></geoEle></dataExt></dataIdInfo><metainfo><langmeta Sync="TRUE">es</langmeta><metstdn Sync="TRUE">FGDC Content Standards for Digital Geospatial Metadata</metstdn><metstdv Sync="TRUE">FGDC-STD-001-1998</metstdv><mettc Sync="TRUE">local time</mettc><metc><cntinfo><cntorgp><cntper>REQUIRED: The person responsible for the metadata information.</cntper><cntorg>REQUIRED: The organization responsible for the metadata information.</cntorg></cntorgp><cntaddr><addrtype>REQUIRED: The mailing and/or physical address for the organization or individual.</addrtype><city>REQUIRED: The city of the address.</city><state>REQUIRED: The state or province of the address.</state><postal>REQUIRED: The ZIP or other postal code of the address.</postal></cntaddr><cntvoice>REQUIRED: The telephone number by which individuals can speak to the organization or individual.</cntvoice></cntinfo></metc><metd Sync="TRUE">20110214</metd></metainfo><mdLang><languageCode Sync="TRUE" value="spa"></languageCode><countryCode value="ESP" Sync="TRUE"></countryCode></mdLang><mdStanName Sync="TRUE">ISO 19115 Geographic Information - Metadata</mdStanName><mdStanVer Sync="TRUE">DIS_ESRI1.0</mdStanVer><mdChar><CharSetCd Sync="TRUE" value="004"></CharSetCd></mdChar><mdHrLv><ScopeCd Sync="TRUE" value="005"></ScopeCd></mdHrLv><mdHrLvName Sync="TRUE">dataset</mdHrLvName><distinfo><resdesc Sync="TRUE">Downloadable Data</resdesc><stdorder><digform><digtinfo><transize Sync="TRUE">0,000</transize><dssize Sync="TRUE">0,000</dssize></digtinfo></digform></stdorder></distinfo><spdoinfo><direct Sync="TRUE">Raster</direct><rastinfo><rasttype Sync="TRUE">Pixel</rasttype><rowcount Sync="TRUE">3134</rowcount><colcount Sync="TRUE">5324</colcount><rastxsz Sync="TRUE">100,000000</rastxsz><rastysz Sync="TRUE">100,000000</rastysz><rastbpp Sync="TRUE">32</rastbpp><vrtcount Sync="TRUE">1</vrtcount><rastorig Sync="TRUE">Upper Left</rastorig><rastcmap Sync="TRUE">FALSE</rastcmap><rastcomp Sync="TRUE">None</rastcomp><rastband Sync="TRUE">1</rastband><rastdtyp Sync="TRUE">pixel RGB</rastdtyp><rastplyr Sync="TRUE">TRUE</rastplyr><rastifor Sync="TRUE">TIFF</rastifor></rastinfo></spdoinfo><spref><horizsys><cordsysn><geogcsn Sync="TRUE">GCS_ETRS_1989</geogcsn><projcsn Sync="TRUE">ETRS_1989_UTM_Zone_30N</projcsn></cordsysn><planar><planci><plance Sync="TRUE">row and column</plance><plandu Sync="TRUE">meters</plandu><coordrep><absres Sync="TRUE">100,000000</absres><ordres Sync="TRUE">100,000000</ordres></coordrep></planci></planar><geodetic><horizdn Sync="TRUE">D_ETRS_1989</horizdn><ellips Sync="TRUE">Geodetic Reference System 80</ellips><semiaxis Sync="TRUE">6378137.000000</semiaxis><denflat Sync="TRUE">298.257222</denflat></geodetic></horizsys></spref><refSysInfo><RefSystem><refSysID><identCode Sync="TRUE" code="25830">ETRS_1989_UTM_Zone_30N</identCode><idCodeSpace Sync="TRUE">EPSG</idCodeSpace><idVersion Sync="TRUE">5.1(4.0.0)</idVersion></refSysID></RefSystem></refSysInfo><spatRepInfo><GridSpatRep><numDims Sync="TRUE">2</numDims><axDimProps><Dimen><dimName><DimNameTypCd Sync="TRUE" value="002"></DimNameTypCd></dimName><dimSize Sync="TRUE">5324</dimSize><dimResol><value Sync="TRUE">100</value><uom><UomLength><uomName Sync="TRUE">Meter</uomName><conversionToISOstandardUnit Sync="TRUE">1 Meter = 1 Meter(s)</conversionToISOstandardUnit></UomLength></uom></dimResol></Dimen><Dimen><dimName><DimNameTypCd Sync="TRUE" value="001"></DimNameTypCd></dimName><dimSize Sync="TRUE">3134</dimSize><dimResol><value Sync="TRUE">100</value><uom><UomLength><uomName Sync="TRUE">Meter</uomName><conversionToISOstandardUnit Sync="TRUE">1 Meter = 1 Meter(s)</conversionToISOstandardUnit></UomLength></uom></dimResol></Dimen></axDimProps><cellGeo><CellGeoCd Sync="TRUE" value="002"></CellGeoCd></cellGeo><tranParaAv Sync="TRUE">1</tranParaAv></GridSpatRep><Georect><cellGeo><CellGeoCd Sync="TRUE" value="002"></CellGeoCd></cellGeo><numDims Sync="TRUE">2</numDims><tranParaAv Sync="TRUE">1</tranParaAv><chkPtAv Sync="TRUE">0</chkPtAv><cornerPts><pos Sync="TRUE">98588.432610 3986995.166928</pos></cornerPts><cornerPts><pos Sync="TRUE">98588.432610 4300495.166928</pos></cornerPts><cornerPts><pos Sync="TRUE">631088.432610 4300495.166928</pos></cornerPts><cornerPts><pos Sync="TRUE">631088.432610 3986995.166928</pos></cornerPts><centerPt><pos Sync="TRUE">364838.432610 4143745.166928</pos></centerPt><axisDimension type="002"><dimSize Sync="TRUE">1065</dimSize><dimResol><value Sync="TRUE" uom="m">500.000000</value></dimResol></axisDimension><axisDimension type="001"><dimSize Sync="TRUE">627</dimSize><dimResol><value Sync="TRUE" uom="m">500.000000</value></dimResol></axisDimension><ptInPixel><PixOrientCd Sync="TRUE" value="001"></PixOrientCd></ptInPixel></Georect></spatRepInfo><mdDateSt Sync="TRUE">20190705</mdDateSt><contInfo><ImgDesc><contentTyp><ContentTypCd Sync="TRUE" value="001"></ContentTypCd></contentTyp><covDim><Band><dimDescrp Sync="TRUE">Band_1</dimDescrp><maxVal Sync="TRUE">630920.000000</maxVal><minVal Sync="TRUE">98950.375000</minVal><bitsPerVal Sync="TRUE">32</bitsPerVal><valUnit><UOM type="length"></UOM></valUnit></Band></covDim></ImgDesc></contInfo></metadata>
